file_name,aliquot_id,case_id,submitter_id
aae97d39-d53c-4387-b1ca-415a8d7cea7c.rna_seq.augmented_star_gene_counts.tsv,aa0338ae-c4e7-4f20-9be7-347aa5a2d8f2,e8f56d0f-eee4-4def-a43a-dec91f4382a1,TCGA-EM-A3AQ
eeb87fb5-69a1-4f07-816a-f9662a5e5650.rna_seq.augmented_star_gene_counts.tsv,231c36ea-41b0-4a29-bb3f-222a266c2a19,fd3315da-c870-4ad0-9d2a-50b1647d3e46,TCGA-J8-A4HW
595a1305-804c-45c2-aa46-8a4f9cc3fc2f.rna_seq.augmented_star_gene_counts.tsv,09c1d9fb-fb0f-4cb7-8a02-00e98e478eec,fd3315da-c870-4ad0-9d2a-50b1647d3e46,TCGA-J8-A4HW
d256684b-a5f0-4124-9044-1443348ec94e.rna_seq.augmented_star_gene_counts.tsv,03a8d214-2f94-4ede-b6bc-e5e7d6d6515d,5e085199-152a-40f5-a8f8-3a3a0f31c2e0,TCGA-DJ-A3UW
cba84817-ec75-481b-be5c-bf2cb79cf3a3.rna_seq.augmented_star_gene_counts.tsv,b769a631-6c4c-43aa-821b-b10cd4bba51b,d4c68c1c-a3f3-4e0c-b555-d457378a1d24,TCGA-BJ-A291
5fd0d3f1-a6ff-449f-bf7f-e718a3e3744d.rna_seq.augmented_star_gene_counts.tsv,0e830c7a-984c-4d77-be7a-78abb57f2e4e,35277c30-010c-4d3f-9dfe-754bf72799d7,TCGA-DJ-A3V4
980d7e6a-52c4-4801-9688-e839ecdbba44.rna_seq.augmented_star_gene_counts.tsv,60a442f5-072e-40d2-9945-380fa5375b2e,00d588e3-3db6-4cf3-9def-34d941e8cdb0,TCGA-J8-A3YF
7f48de9b-d81e-4e03-8aa2-72304e3a8580.rna_seq.augmented_star_gene_counts.tsv,1b4e42c0-c100-404f-843d-a27ea314858a,02a8e937-c747-4ba1-911c-0860e62b8f83,TCGA-DJ-A3UY
7b7a3f5b-29a4-452f-827c-102345ee7803.rna_seq.augmented_star_gene_counts.tsv,7473f4ae-a2b7-4be3-99ca-560d93fc793d,011ae7b8-5003-4fcd-9f20-906a723f2c66,TCGA-EL-A3CW
13b0de56-bf89-4599-830d-59bbbde3daf0.rna_seq.augmented_star_gene_counts.tsv,1273978e-a5c1-478d-bed4-a0419884eda1,039bfc94-fadd-440a-aade-a1595128583e,TCGA-J8-A3O2
97d02445-5641-4087-9942-3fb117c6196c.rna_seq.augmented_star_gene_counts.tsv,8f45a24a-220d-4f37-99c3-d5f584cf3b64,039bfc94-fadd-440a-aade-a1595128583e,TCGA-J8-A3O2
d4ce6f13-c078-4624-9874-2855578ea762.rna_seq.augmented_star_gene_counts.tsv,c687adc4-afe5-4db9-a488-ff52735ab090,061fab24-727a-4551-a205-89eeb9f530ea,TCGA-DJ-A2Q9
2a90f5ad-a9d0-4f5d-a255-3e8233039868.rna_seq.augmented_star_gene_counts.tsv,0bbe2604-becb-40aa-8d25-6414467a2bd6,0cafefef-911b-46e8-9e6c-19a0e7d555aa,TCGA-ET-A3DO
5063c559-65fb-42ed-8d91-eae8cd37a860.rna_seq.augmented_star_gene_counts.tsv,c4b02af4-2fea-44a7-bdf4-e983f681301b,0ad2a2b3-c1bb-4597-b28e-a6385f93d09c,TCGA-EM-A1YC
9a69296a-e334-4387-8a3e-43201d647d2d.rna_seq.augmented_star_gene_counts.tsv,5c437a0d-7e14-4864-8408-98c9028c9d1e,0ad2a2b3-c1bb-4597-b28e-a6385f93d09c,TCGA-EM-A1YC
a0f30fd5-be56-42ab-917a-186f5a742af9.rna_seq.augmented_star_gene_counts.tsv,7c79678c-45ca-4c2c-b2db-11e00c3864f6,0dc361b5-e755-4131-8766-d2c1375336d8,TCGA-EM-A4FK
fba6ffcc-0aea-488b-8885-3b9218562d81.rna_seq.augmented_star_gene_counts.tsv,bf6b3b00-4934-4662-a078-60dfa7a9e1fc,1009a500-2a37-4aee-b7c3-049b5ce961a4,TCGA-BJ-A4O8
96b7c1a2-eab8-4cc3-babb-7cd13c1e983e.rna_seq.augmented_star_gene_counts.tsv,92c2186f-ee7b-4297-a876-bc96edc945b4,40a9c1d3-6629-4e22-a783-12e0d48349d1,TCGA-EL-A3H5
d03bbfd8-c4ac-490a-90c7-351506eb0773.rna_seq.augmented_star_gene_counts.tsv,a672af36-469b-4ec9-8f47-69dbdf2a6242,471636d5-9eca-49df-872a-c2a2cac61838,TCGA-EL-A3CN
90e1a9f7-1644-46fb-aea5-3aed78f039f2.rna_seq.augmented_star_gene_counts.tsv,47855530-fdf4-4ab1-8387-f77db6b19e78,4729410a-7240-4ed0-b478-78cc6c7a4810,TCGA-EM-A4FH
a95698a9-7195-4a71-b09b-eb22cd9bc110.rna_seq.augmented_star_gene_counts.tsv,9a8ae8e6-6343-4e09-8d87-4f87002993a9,3d8b7654-b403-4360-80dc-8273ca90c2dc,TCGA-EL-A3ZK
9a38c0ad-5543-4175-9f5d-2e5a2860208d.rna_seq.augmented_star_gene_counts.tsv,8969b7de-3577-4136-8ed2-2ea086993ed1,424de829-9efd-4689-ac5d-24485a5d5ecf,TCGA-ET-A3DW
4fa0416d-79d1-4b68-a146-1956bcaf49b7.rna_seq.augmented_star_gene_counts.tsv,2fc29812-f419-4a62-959f-c2e3da708a45,f00fd40a-1254-4300-baf9-88528c453a2e,TCGA-DJ-A2Q4
f046b934-4493-4370-ab7f-b98a6b803601.rna_seq.augmented_star_gene_counts.tsv,d2ced523-6aaf-412e-9b52-b77aad822ba3,f0bc4f65-211b-4ae1-8e68-aaef3f3c6db8,TCGA-MK-A4N7
3b49951b-1fed-4bf3-a0c4-5d2acd099d1d.rna_seq.augmented_star_gene_counts.tsv,17f52efc-8576-41cc-9ae0-e76c860ea47c,f12fa57b-3427-45fe-994b-602f498b68da,TCGA-E8-A438
28da87d8-0ac9-4a62-9591-67a713bfe4e7.rna_seq.augmented_star_gene_counts.tsv,1f51afcd-b6b1-490b-a8ff-f538094605f5,f82f9ae8-e106-4c61-941c-3614d51b0f41,TCGA-EL-A3MZ
6185bcf5-2a16-4b2a-b520-72eb7c723483.rna_seq.augmented_star_gene_counts.tsv,44ba29fa-b4d1-461b-86b4-fb9730e701f4,f2ad720e-579f-4e2c-a3f0-17877ca91067,TCGA-DJ-A1QO
30b75646-82f8-467f-8f2b-b71b97af3bc6.rna_seq.augmented_star_gene_counts.tsv,1efc2b34-1bb6-4a6e-993b-151d44f3b2ed,f3665b89-957b-4d7b-b67f-39615c47d28b,TCGA-E8-A3X7
2b7a660d-f472-476a-9145-cae4f3ba5e4c.rna_seq.augmented_star_gene_counts.tsv,a2642f34-bada-4983-a1a9-93b62ae1cc8f,f7f6e9f4-1aa8-48a0-bea9-efaa9379f6f6,TCGA-FY-A3NM
16b193ec-6a1a-420b-9dbf-f49ca38e835f.rna_seq.augmented_star_gene_counts.tsv,86e606b2-d312-4a19-bfc3-d26c92bb530d,f9d35f8e-ada4-4cc6-8227-28565ee531d2,TCGA-BJ-A2NA
db97de7b-911b-4d2b-8ba1-28f2608fddb2.rna_seq.augmented_star_gene_counts.tsv,564410d7-c7e5-4522-b1bf-115772ad7990,f9deeda6-8f81-441a-9c47-24c2eefd049a,TCGA-EL-A3H8
d49c3c02-286e-4cf0-9ee0-fe49034a303d.rna_seq.augmented_star_gene_counts.tsv,f44c7f83-8afa-419a-9c7a-2f5d1cd7a24d,fe28f76e-7ead-4d29-8c53-a576ae6021f7,TCGA-EM-A3SU
e3fca41a-775b-4ba5-9ee0-1197cd1b2117.rna_seq.augmented_star_gene_counts.tsv,67c6149c-47b1-4a72-be1c-9cfd6eb66227,fe28f76e-7ead-4d29-8c53-a576ae6021f7,TCGA-EM-A3SU
2b6d3e35-de05-41dc-a7db-1604ffe2db7f.rna_seq.augmented_star_gene_counts.tsv,dbfb44e2-a785-4e49-a02b-fbe06573689d,fd036ec5-3ffb-40b1-8002-943be0e2532e,TCGA-BJ-A3PR
f0d7efcc-f8c2-4c3d-9610-ab33239334eb.rna_seq.augmented_star_gene_counts.tsv,2f1c17bf-53ac-4537-af66-0d5253a53355,fd25e4e6-f017-4c07-b109-d8a5eea8763c,TCGA-DJ-A2PY
a5ee5405-4573-4933-85b6-0f9e6a2c6fda.rna_seq.augmented_star_gene_counts.tsv,701aefeb-87d3-4f35-96d1-57a23eaad37a,fef9c64f-5959-4da0-aaa2-66b56fc7b4c3,TCGA-EM-A3FQ
403dc3ef-1d5e-48e8-8b04-6b66e844d8ab.rna_seq.augmented_star_gene_counts.tsv,1a07f820-bac6-445d-a2ae-e07f7a87e47e,ebccfb5f-c0a8-4263-aaff-b5dd83585191,TCGA-ET-A25N
cba69fde-caa2-4670-88da-834df96a52e1.rna_seq.augmented_star_gene_counts.tsv,0e963a64-2e40-4117-b4fa-4061d16aabae,e9949320-ad37-4542-98c1-b72df60b1668,TCGA-ET-A39M
0a19d030-f02e-43e3-9559-c5f4f55423e7.rna_seq.augmented_star_gene_counts.tsv,dcd75189-e96f-458a-bbb8-4fbf9c261f01,ef3dd880-7be4-46a8-93c2-7cba1a9cd24d,TCGA-EL-A3MW
2a22df33-4eef-43ac-9fa3-bd0f58e6e7ba.rna_seq.augmented_star_gene_counts.tsv,93c42359-3615-406b-ad18-8b3f23d8eab5,efbdedaa-4b02-40ac-b93c-9670c018cf7f,TCGA-E3-A3E2
8a7318dd-43fa-4814-babf-0983d6713de0.rna_seq.augmented_star_gene_counts.tsv,fea9c2bf-a2b5-44fe-bccc-20c99837cfab,ea859a83-00c3-40b2-97c1-fb24ad027ea6,TCGA-EL-A3ZP
d1a70330-c71f-4ade-8154-b9529ccfd49f.rna_seq.augmented_star_gene_counts.tsv,0ec4878f-2b07-40e5-a6f1-f89814a2b6e9,ea859a83-00c3-40b2-97c1-fb24ad027ea6,TCGA-EL-A3ZP
effd02ea-b2d3-4b99-9587-b0ecdb10ece5.rna_seq.augmented_star_gene_counts.tsv,a8d45785-d6e2-4c38-9625-ee36e2a1017a,f854ce67-c586-4424-a674-2dd67ad0ed7f,TCGA-EM-A4FN
68696e52-131b-4839-905f-9db7acd78193.rna_seq.augmented_star_gene_counts.tsv,1ba7877e-fd4e-452d-8eed-20fc9fb39698,f3ee888e-5116-4313-a2f6-3b1dcc3e4bc1,TCGA-BJ-A0YZ
d60b4f4f-e280-465b-af96-e6a38fdbf10e.rna_seq.augmented_star_gene_counts.tsv,d291f0d0-18a9-45c7-b545-9c260fcbf864,faa51172-60ec-48d8-9224-36bfda1d27e0,TCGA-EL-A3H7
27d57c31-b3fd-445c-a04b-324ec1999bb6.rna_seq.augmented_star_gene_counts.tsv,27782ad0-f3c6-43a3-8123-199ebdd92c25,f69ff5fb-7e0b-4b16-9fc9-498379b11562,TCGA-E8-A2JQ
b6c9fe88-b435-4abd-b181-b0fdc667b9b1.rna_seq.augmented_star_gene_counts.tsv,2fb46da1-3190-4ab7-a6e2-67f7ac1466dd,f69ff5fb-7e0b-4b16-9fc9-498379b11562,TCGA-E8-A2JQ
2f8d8fae-944a-4027-a4f7-33357001d63d.rna_seq.augmented_star_gene_counts.tsv,b854167d-42a2-4144-92ee-0229536d4cea,f9ceffc0-d544-418d-b4a9-bd3c84e37026,TCGA-BJ-A0Z2
3bb17164-7819-4b25-8eb2-2fd27e6ebe2b.rna_seq.augmented_star_gene_counts.tsv,1cc55d09-ac11-4cd5-a970-879d884ba666,fb83f7d7-2182-4fb7-8e3e-8ad7f1feac72,TCGA-EL-A3CV
e397f3f4-4c70-4921-ae1b-aab0564c82f9.rna_seq.augmented_star_gene_counts.tsv,3b52da51-036d-4ae5-9ddf-99b67495a1cc,fd661b1b-fe0b-4ab0-ae82-76324e2f6a81,TCGA-EL-A3CO
19c87b80-1709-42d3-8d36-05243fbd0398.rna_seq.augmented_star_gene_counts.tsv,d11ec158-5b62-4bb8-990f-445f29b0dcdd,f9d35f8e-ada4-4cc6-8227-28565ee531d2,TCGA-BJ-A2NA
a01e9c15-dbbd-4d23-8a55-9e9e8b12ec60.rna_seq.augmented_star_gene_counts.tsv,ad4a6ae8-63bb-4890-9b31-314a2fa81d1b,fd8c4ff3-e759-495f-96e7-1f406bb70190,TCGA-FE-A23A
fb73fde6-1dbb-4381-b305-49c02cbbad2a.rna_seq.augmented_star_gene_counts.tsv,febae3ce-225b-4414-bc02-4538b062d76e,fca0c7d9-5e6f-4aa7-ba04-5df2eb8ba398,TCGA-DJ-A1QF
b14b569b-810b-4091-b681-02a667435be9.rna_seq.augmented_star_gene_counts.tsv,b40b5bb9-abc4-452b-9859-88873097739a,fd036ec5-3ffb-40b1-8002-943be0e2532e,TCGA-BJ-A3PR
66ea2c9c-6d0e-4f41-9bd6-75bf0dc6a92a.rna_seq.augmented_star_gene_counts.tsv,a2834aba-b6c1-4e62-8682-d6fc9d093e49,fef9c64f-5959-4da0-aaa2-66b56fc7b4c3,TCGA-EM-A3FQ
43aa36aa-b88a-4f92-90d7-902c246bb859.rna_seq.augmented_star_gene_counts.tsv,e9eda4da-4b9d-4add-8229-985b27f5ac2c,fffdb1d9-58d1-425c-ac12-1e1e5f443bf7,TCGA-DJ-A4V0
a1d6a598-582d-4c83-bd11-5113da8efc4a.rna_seq.augmented_star_gene_counts.tsv,525589a6-6bb6-4736-aa49-4f06deb503d2,eb15422b-cafd-4af2-973e-8c997a911170,TCGA-ET-A2MY
7cfd3590-3e76-40f8-b783-0c63955b3882.rna_seq.augmented_star_gene_counts.tsv,c262a55b-8cf2-4c47-a867-f010361e22ac,ebbd54ad-7b97-4081-ad11-7f7f3ce74eef,TCGA-E8-A418
a62d02b3-1dd2-4bff-8534-2ece3cd6d93d.rna_seq.augmented_star_gene_counts.tsv,98b3eb13-0755-4015-87dd-4f6fabe4a16b,ef3dd880-7be4-46a8-93c2-7cba1a9cd24d,TCGA-EL-A3MW
036f7712-a636-4198-b568-6c85d9db4a3b.rna_seq.augmented_star_gene_counts.tsv,89296277-231a-4808-bcd9-380af991cbf6,4d9de9a1-7df1-412e-9f16-15dd51b4c5f5,TCGA-E8-A242
5cefffdd-a2ba-46e9-bdd8-cf3056e7f6ee.rna_seq.augmented_star_gene_counts.tsv,54e48c8b-068a-4548-a31d-82ec1128a58e,4e227a7a-b885-4e9b-a4c2-aad9e6c154e5,TCGA-J8-A3YD
8bb68e05-a458-43c3-a8ed-e826d05045f0.rna_seq.augmented_star_gene_counts.tsv,237aa00b-7c17-45ef-a95e-396565c7b581,52bc133b-8a10-4c9b-adc3-22910a191e6b,TCGA-KS-A4I9
f39f7eac-0998-4bd2-b47f-ce6f7c1c0557.rna_seq.augmented_star_gene_counts.tsv,32e30d37-eaad-411b-a008-f8b69ffd1624,53ba15c0-780e-4153-a612-046f1b24b4b3,TCGA-FY-A3TY
6097a9e6-a272-4a58-b58b-9dfae47a68f5.rna_seq.augmented_star_gene_counts.tsv,4e1f858e-35c7-4259-b495-dac1d344b4e6,541406fa-4443-4094-a303-43913d96f016,TCGA-IM-A41Y
c854bca8-aa88-4a0d-bea5-7ac20c4a1ff1.rna_seq.augmented_star_gene_counts.tsv,7aa5ec16-e882-4627-9a15-1bb19a421576,4c0b29e6-8530-43d5-8e8a-efb754e83ecd,TCGA-EL-A3CT
51fcd3dc-a90c-4481-955a-6843f57dc54f.rna_seq.augmented_star_gene_counts.tsv,cdd106af-cba4-4daf-a24c-7f7021eeee0a,6435ea21-7214-40c5-9ccb-a1f22685a728,TCGA-EL-A3T3
05e8a50c-4478-4d28-977b-68cc319493a9.rna_seq.augmented_star_gene_counts.tsv,ef3079e2-6eeb-4b6d-b412-1d57219be39c,646d1585-2d12-483c-8425-77d5451b2869,TCGA-EM-A4FV
c330e86f-807f-4d19-be0a-7c2ce90dfb82.rna_seq.augmented_star_gene_counts.tsv,27e42af5-cd5b-4028-ac50-e01062a7eeac,5eb0d577-223b-4409-89d1-5c5d196affc3,TCGA-FE-A232
141eb492-647d-435d-995a-adcf6e19b4fd.rna_seq.augmented_star_gene_counts.tsv,f0e775db-aafa-45e0-8428-82d7456b4185,5c118e15-1e48-42a6-8d29-179e6e71a26c,TCGA-FY-A4B4
69830d59-61a6-4b21-bf3b-94f97d551ca2.rna_seq.augmented_star_gene_counts.tsv,8974350a-0e8b-4094-9ca5-72b61fe3b5a6,618a1c29-5c26-46db-83d5-4799f9043cd3,TCGA-ET-A25J
7c3032a6-5ba2-418b-b411-75ae6968ca50.rna_seq.augmented_star_gene_counts.tsv,83d04848-bb60-4f0b-8ab4-bad21d237ded,6592a7db-cbc7-4afd-9fdb-5cc16c16eeca,TCGA-DJ-A3V3
1e27af56-7990-4dda-85b8-6c41071b79ce.rna_seq.augmented_star_gene_counts.tsv,fa7ae96d-aa85-4328-8806-abed43d7d561,4481d84d-109e-44a0-bcb4-e6e61bdce796,TCGA-ET-A25L
e023b9ca-4b73-4ada-8100-326dbd02095c.rna_seq.augmented_star_gene_counts.tsv,303a2167-c633-4d5b-9acb-93003b9c5d0f,3dcee02c-a3d2-4188-a072-4d36c8a7e8fd,TCGA-ET-A2N4
bafc3122-091b-4648-bc51-8e6c72e47b6a.rna_seq.augmented_star_gene_counts.tsv,a73f836e-fa7b-4e38-8075-adb2dc4322fb,5be6c0d9-6ad7-482f-bd00-0432702df495,TCGA-E3-A3E0
be744c85-f54c-45f1-b080-8e5311931137.rna_seq.augmented_star_gene_counts.tsv,70dd0d77-092f-4770-82c6-e6b37b800ad2,64de42bd-d134-4f44-82fa-d6614709bf01,TCGA-EL-A3ZT
e07a08ba-ccd6-401c-84bc-178b91dfe499.rna_seq.augmented_star_gene_counts.tsv,bb6594c5-78de-49b5-996f-b38b3953e37a,44465a32-8ee9-4575-94b8-0200ba7c5bd4,TCGA-ET-A39P
0e17a845-e23e-4eab-8775-9411a1c6f1ee.rna_seq.augmented_star_gene_counts.tsv,fce125fa-4f67-46cf-bdc9-988e081ae777,dc5c1a76-30de-4b30-b397-3ad691c92a86,TCGA-EL-A4KG
2231c28a-bf18-4c0c-885c-42896df3b0e8.rna_seq.augmented_star_gene_counts.tsv,2a276a7e-a3e3-48df-b427-f32f70606152,e23cd75a-06ad-4da0-b19b-b812b0f6c1b9,TCGA-ET-A25G
830f4d93-c166-4ae5-9f39-a7eeda41dbb5.rna_seq.augmented_star_gene_counts.tsv,32583958-4ae0-4bbb-9518-19e24ac77a17,dc659941-8d12-4095-8d8a-1769878c363c,TCGA-DJ-A3VD
083109fa-f45d-4c3d-8aea-cb609e9efb02.rna_seq.augmented_star_gene_counts.tsv,4867f104-911a-4bda-8815-367bf28dff9d,dffef9e8-5b69-43d9-a95b-0744daa38d1d,TCGA-E3-A3DY
dfa22ed5-48a7-4a84-8ce2-d7bc2bdb7ef5.rna_seq.augmented_star_gene_counts.tsv,68a09a90-0fef-4eba-bba8-b6f0dbb74b75,e2475d48-628b-4095-b101-865d79a4b0ed,TCGA-EL-A3ZL
73091166-a0b0-4817-b56a-77210194c461.rna_seq.augmented_star_gene_counts.tsv,c801b113-11ce-4edd-bc44-48dd19d00791,e62a728d-390f-428a-bea1-fc8c9814fb11,TCGA-CE-A484
463a5f30-179d-4df1-9f48-f760d954574e.rna_seq.augmented_star_gene_counts.tsv,9a367db3-3cbf-4231-b6ea-686981433787,e35b2928-8784-45d0-a71a-a2df161542fa,TCGA-DJ-A2Q1
f62fa056-d687-4add-8211-54a070b8b601.rna_seq.augmented_star_gene_counts.tsv,30e48ad0-af7e-4030-95b2-1c3fd3d96d52,e48a8fa7-4e2b-44a0-95f5-e2925c60bad3,TCGA-FK-A3SH
1dde9fe7-5c0f-449f-9144-508e2a34f9d4.rna_seq.augmented_star_gene_counts.tsv,2bad2998-4066-4796-8569-1de516cb0d36,e92bdb0d-969a-4d98-ada8-5dfec68119b5,TCGA-EM-A1CS
2ea7afdd-f947-47e6-9516-b6f38e0a1967.rna_seq.augmented_star_gene_counts.tsv,c49698bf-315a-4809-b88b-452765b455c6,e632b443-cf6a-4592-96c6-c3493ec86fea,TCGA-EM-A1YE
47f923de-addc-4014-9b5c-cd4184933ec3.rna_seq.augmented_star_gene_counts.tsv,507e9f4a-c9b8-42f9-923c-d6061645e845,e4c85bdd-7b7c-414f-9503-647d9b825915,TCGA-FE-A234
8b558df0-aa7b-4c47-9cb5-4695518bb873.rna_seq.augmented_star_gene_counts.tsv,524de4bb-5432-4a0b-bee2-4c5bf58ba449,f9217c58-11ef-4c4b-99cf-0e134a718552,TCGA-ET-A3DQ
895bdbb0-c3f5-40a3-8b8c-81c7a0d86a86.rna_seq.augmented_star_gene_counts.tsv,b3fcde50-d71f-4288-bb9a-1f65088fc4d5,faa51172-60ec-48d8-9224-36bfda1d27e0,TCGA-EL-A3H7
8a0863a9-b258-4de3-a238-ac3dd034f95c.rna_seq.augmented_star_gene_counts.tsv,5bb6bf4f-84af-4b86-9292-e56153b2a401,fb14bd0d-b356-42a4-a0e9-2fcdada8f76b,TCGA-J8-A3O1
eee32c91-17f1-4f4b-b4f9-10c51f937189.rna_seq.augmented_star_gene_counts.tsv,79e2e047-5d06-4e11-99f3-b22441bb70d1,fb39f29a-5d1e-4f96-8adb-e18cc87fad2e,TCGA-DJ-A2PN
d61a2ea8-5b4e-44b8-bd7a-9ff5d0fa1288.rna_seq.augmented_star_gene_counts.tsv,82644c32-bf20-4ba5-ad71-aa54c62a4bd8,fc70a652-7925-4759-8e1f-05fd56829df4,TCGA-FE-A239
fee3f648-045b-498e-b0d0-41abda8ed0e7.rna_seq.augmented_star_gene_counts.tsv,4e77399b-349d-47c9-b058-f1f1fc118a34,f9db9757-04d8-40bd-a58d-605f4255b0e6,TCGA-KS-A4I3
6677303d-dceb-421e-b01b-45ab7ee1dd48.rna_seq.augmented_star_gene_counts.tsv,8eb57b3e-64eb-408d-ad2d-1ff2c0e69506,e70feafd-1390-4f4c-a635-da65c1a7daeb,TCGA-FE-A233
6b6a85c8-f049-4dc9-9612-b54d04bd3ca8.rna_seq.augmented_star_gene_counts.tsv,619741f2-4f5e-41ab-9033-bfc0dd525750,edb90376-0ef9-47dd-be6f-a6e8a0380a9c,TCGA-DJ-A2PQ
ebb57504-53cc-4097-b33e-e33058189a67.rna_seq.augmented_star_gene_counts.tsv,b08d8be0-f28a-474a-991f-e7764e16b311,e94dfd42-4fe4-48e9-aa62-422ae071413f,TCGA-KS-A4I5
1c4e7140-e649-4267-92ac-f30d65d795e5.rna_seq.augmented_star_gene_counts.tsv,d1883aba-565e-487f-a240-4dac9d5bc50e,ef306507-f426-499e-8a1f-3401a522fb6b,TCGA-EM-A22I
f05156ff-9bdd-40a8-81fa-9a39eab673e4.rna_seq.augmented_star_gene_counts.tsv,96e0e370-4db3-4db4-8123-7026ecc1e320,e95c7f24-89ab-4d56-aae6-d2268888c549,TCGA-EL-A3GV
238b4784-765e-4efe-9a83-aab514d73979.rna_seq.augmented_star_gene_counts.tsv,c8125aaf-e8de-4c26-ab88-2f22d8933d21,ea2c873a-ea52-4920-8d20-554d5fa8ddc1,TCGA-EL-A3MX
c920d46d-7650-4d8f-b2dd-9352e7f03678.rna_seq.augmented_star_gene_counts.tsv,0fbc9c35-cfb7-40dc-8b00-8322eb00ffc9,e7cf1cca-384e-4a00-bb30-bed154ec15c0,TCGA-BJ-A45D
2d80424e-06d0-4fd9-872b-d5207fff8762.rna_seq.augmented_star_gene_counts.tsv,47ae6c78-8a07-4298-b97c-f3744df297d3,e8d74dbb-410c-4f8f-8e1f-2b2dd7634160,TCGA-BJ-A2P4
82efa278-bece-4629-a07a-d3c1abed16ba.rna_seq.augmented_star_gene_counts.tsv,cd987aff-9f7d-47bb-ad56-555d863855a5,ea2c873a-ea52-4920-8d20-554d5fa8ddc1,TCGA-EL-A3MX
decd8f83-dcac-479f-b1ce-f3a81f9d663b.rna_seq.augmented_star_gene_counts.tsv,e5e28111-9541-4a74-a2ec-9b60637c76e8,efc46db7-f9df-494e-acca-357cb64c019a,TCGA-E8-A434
59421bcd-c85c-4c32-8e7c-56a54fbde5f1.rna_seq.augmented_star_gene_counts.tsv,2cc86cc6-6ee2-4006-b019-01f58b75184d,f2bbb5fa-9997-45de-88d4-8f1e94c18f0d,TCGA-DJ-A3UV
8f429570-248f-428d-80c2-8a0481b6866f.rna_seq.augmented_star_gene_counts.tsv,0ae133d7-0415-4b2b-988e-91cd6ce983ba,63986dd0-63ba-4ee5-aa25-8ff2cbb762d3,TCGA-EL-A3D0
4413cb28-32a4-4ae8-b4c5-6bfe3f19f869.rna_seq.augmented_star_gene_counts.tsv,b477c725-8d74-40ed-b4ee-27341a354fd1,3cd2d4bd-8256-42fa-8272-db379d598007,TCGA-BJ-A290
81afdafb-0ca1-46e5-8199-687108336f53.rna_seq.augmented_star_gene_counts.tsv,79cc211c-8723-4f0b-bc32-89b3efcc8577,c115df9d-cec4-4d7a-87f0-36a5c1f1d51f,TCGA-ET-A3BO
b9e903ca-fa89-4eba-b8c5-0b3d61f0a3c4.rna_seq.augmented_star_gene_counts.tsv,5ba03c4d-f473-48b0-872e-acd901b75680,45eefba8-9f7c-49e9-a3f5-d13cfa264ff6,TCGA-DJ-A3UU
9caabe4b-cf72-4c52-9d32-7504d916c014.rna_seq.augmented_star_gene_counts.tsv,8fadca85-e334-4277-9f5f-6f0de8f54cb5,c14a0460-30b0-453b-ab81-da03ad4ad02e,TCGA-ET-A3BV
e111c039-2bf1-4942-ac8a-6bd13a367ac9.rna_seq.augmented_star_gene_counts.tsv,365b57ee-a9a1-4165-ab1d-c24bebc87962,f3c73dc9-6280-4619-a629-b575fdbdb0ca,TCGA-DJ-A1QH
9cdf31d0-57bd-4aa0-bb3a-76d8818469ba.rna_seq.augmented_star_gene_counts.tsv,d5887688-b311-4ddc-84d4-538750849401,4fc8e011-4433-4537-b03f-457a3a70240f,TCGA-EL-A4K6
76facfb5-c20f-4645-878c-90d9d64cdf03.rna_seq.augmented_star_gene_counts.tsv,87ad5350-308a-4f86-a205-f4e566f950e2,29afb71c-c2ca-499e-b1c7-12758c9b03d6,TCGA-EL-A4K4
c7e54a8b-614f-4be1-a51c-57e00891969a.rna_seq.augmented_star_gene_counts.tsv,c35dbfa3-3f8f-49df-8477-5688ba0ee36f,00a02e62-e1ab-467a-91b3-5f526dd2251a,TCGA-EL-A3N3
c79ad5e1-4881-4dc5-bdab-5bec2743bc5c.rna_seq.augmented_star_gene_counts.tsv,19186235-eb28-449f-9b58-9594f7bd8456,04dc8ee3-ec93-4b56-a546-f96746f8122f,TCGA-EL-A3ZM
6d0f4e55-a4e1-401d-a005-115a3bff47cb.rna_seq.augmented_star_gene_counts.tsv,7a4056de-e2d5-4c28-ad1e-25569a212650,04fff86a-b6f5-4900-9e37-c1f0b881b160,TCGA-BJ-A190
52212968-46a0-4804-948c-d8b7435c2aa0.rna_seq.augmented_star_gene_counts.tsv,39d90ab6-7625-41b2-b6d9-28e2347a7529,05350770-2b5b-4c58-84ce-0917665ccb90,TCGA-DJ-A2PP
cf32bd02-b29f-40d4-83b3-aa02e81020e2.rna_seq.augmented_star_gene_counts.tsv,08096d6f-0f8c-4107-b86a-61eb10feaddd,085ffcdc-8600-42e2-852a-506465f716a2,TCGA-DE-A3KN
bef0c6f7-1e38-411d-9c0f-01a1f0a5bcb6.rna_seq.augmented_star_gene_counts.tsv,84fb7b6d-d38e-41b5-86e4-bb66266da91b,0c50a2c2-1d4c-45ca-9127-f96d4db18daf,TCGA-EM-A3AL
a2c03c47-244b-4b33-8444-90d35f10d23f.rna_seq.augmented_star_gene_counts.tsv,b918679c-600e-4cdb-a2df-40bea373a836,097b9cf1-ec0c-487c-9ade-2bdab12eb4ca,TCGA-ET-A25R
ee44d24e-9780-4455-b8c8-e0d6fc2f5697.rna_seq.augmented_star_gene_counts.tsv,49fb1ab4-cd04-4985-99ee-2ddef8685cdc,13c97cfb-eea2-4ae8-9209-c967d9642cef,TCGA-DJ-A2Q5
a8271c06-1b53-453c-99cf-4b2a0a3575f0.rna_seq.augmented_star_gene_counts.tsv,d82a6d70-ca0e-42da-94b6-70554643139a,14591ce2-ed02-440d-8004-7ca0ad94d0a7,TCGA-EM-A3SX
8cfd6075-6845-4c39-8290-61e5ea209d61.rna_seq.augmented_star_gene_counts.tsv,49a08d66-91cc-4db0-beed-db9c9e4d9bd0,149b46a3-75de-44e1-ba73-bdc4ff379c7f,TCGA-EL-A3ZH
37b4e91b-642e-48ec-a36f-bb159f2ddb8a.rna_seq.augmented_star_gene_counts.tsv,0e8d7581-46bc-4f0b-b202-19d80a59e2d6,149b46a3-75de-44e1-ba73-bdc4ff379c7f,TCGA-EL-A3ZH
f0df6872-5e5d-4878-8041-e99324584bd9.rna_seq.augmented_star_gene_counts.tsv,a872e4e0-b63c-4f88-a5c9-ceb9aa751304,12f90efb-c45b-4372-8197-2dfd9ca247ea,TCGA-EM-A4FM
3ea176f6-c912-4f0d-9a98-0117a66c915a.rna_seq.augmented_star_gene_counts.tsv,d84c9ccd-897b-436d-8cbe-165cd8a0d42b,18a58e3e-f18e-45cf-86bc-1851abb9b3de,TCGA-ET-A3DP
7b6a2bc3-8eef-40a5-b3e7-9a223e64cd15.rna_seq.augmented_star_gene_counts.tsv,cd7add27-efc5-4cc6-83f0-412e14eaaabb,8b1987f7-75fd-4e24-be77-891bbd2d40a1,TCGA-EL-A3CS
cf9f12cc-10e6-442e-b86e-e3a3b8da04d5.rna_seq.augmented_star_gene_counts.tsv,a7a78978-b6a4-4f2e-bb14-7ae36613eefd,8beee000-ecab-4a49-9c9d-bb8e677ae199,TCGA-BJ-A0ZF
b6ae0805-36b2-4b3f-8bba-8b73ce9dd73e.rna_seq.augmented_star_gene_counts.tsv,7bf6ccc1-5c04-4ae6-9f92-af14171cdf89,1e63d4b3-1b49-4bb9-b64f-001273aae120,TCGA-BJ-A2N9
287b005d-7307-4a8e-9516-ef10f061e4ff.rna_seq.augmented_star_gene_counts.tsv,7e2bfc91-acab-4170-81e1-a8e37d09a112,1f3915cb-718c-42ae-ab0a-ce62b8664995,TCGA-EL-A3ZN
5f9ada67-8dd3-433f-b4ab-c5c990925499.rna_seq.augmented_star_gene_counts.tsv,98523760-1ae2-49bc-8106-19247b934cd6,90750006-fb25-4ccd-90df-9f300cd26a5b,TCGA-E3-A3E5
5c234394-2690-47fb-a867-0fa546147d91.rna_seq.augmented_star_gene_counts.tsv,627700fa-7b16-44cd-bf0c-0e503d70e9dd,2012869d-c169-4cea-aa09-c892fb79bbaa,TCGA-DJ-A1QN
25ad2589-26ca-44eb-9fc3-ec2a21d45bae.rna_seq.augmented_star_gene_counts.tsv,e80f8c3a-d7ae-4ea5-b39b-0318c7c0b3bd,ab17d69e-0078-4206-939e-e4784fdc9a96,TCGA-EL-A3CY
7fbbc82a-e929-4527-8701-1cad22aa10bb.rna_seq.augmented_star_gene_counts.tsv,3c93d676-52b4-4c4e-a19f-08b77ba1fd32,229004af-14eb-442e-905e-61c842b3efa0,TCGA-EL-A3CM
1e100c4d-13eb-4e5a-9117-ead385902710.rna_seq.augmented_star_gene_counts.tsv,d854dced-2ce0-415a-90b2-54d54ca31702,212aa9c4-610d-4286-9ca2-ae6c87b9bc0e,TCGA-ET-A2N0
24f47502-5947-4cce-97d9-132b3d1944b4.rna_seq.augmented_star_gene_counts.tsv,0d43a86d-9356-426a-94dc-4448bd6820b8,212b2002-1ebf-47dd-82f8-6c0b904cf909,TCGA-EM-A2CR
93b1ff77-6e75-4ec1-93a7-740fd9154ef5.rna_seq.augmented_star_gene_counts.tsv,c4e3be04-2a2c-4abe-912e-c3d9602e29c4,23ad7900-4e99-4abf-82ff-71edeaa8a51c,TCGA-KS-A41J
5d46ad5d-d6f0-476e-93ea-4a08248b14f5.rna_seq.augmented_star_gene_counts.tsv,f4649515-f2fa-4ed4-ad69-d9f0a807093b,24a968aa-8169-44cb-a8ac-72d7efa1fa7b,TCGA-EL-A3GS
de5a0886-db0b-47e8-a1d4-5689bbb91bb4.rna_seq.augmented_star_gene_counts.tsv,d038b388-e5e0-4ee8-af7c-4d044128e3b8,2513ab46-646c-4750-ab42-de3940890553,TCGA-ET-A40R
1e31f670-de56-4122-8966-42767135b420.rna_seq.augmented_star_gene_counts.tsv,9ed1d311-747a-434e-9ab4-5df6bc6b75de,24cf6397-60ef-4635-81f0-78a67157aac0,TCGA-EM-A3OA
b0675cbf-2a4a-4050-a201-4f22b49d017b.rna_seq.augmented_star_gene_counts.tsv,a9574e45-5dee-46f3-87db-f7e859b67cab,2501ee46-8d38-448b-8765-e9c9706cbbe8,TCGA-BJ-A191
c868bea9-7b38-4d76-9a5c-59dbed36bf83.rna_seq.augmented_star_gene_counts.tsv,2b5a5886-6a1c-4e22-b453-c0715b657249,2610485e-f2b2-45f7-a578-99d6983d5f0e,TCGA-DJ-A3UP
68704b7b-5e6f-4661-839a-40622cc0eda0.rna_seq.augmented_star_gene_counts.tsv,f92e4800-911b-4603-aff1-8af07649763d,286de8cd-7222-4f85-a370-79a7903edf45,TCGA-EM-A2CL
bfd56c0c-c851-43f9-b599-b2e4f5dfbe3c.rna_seq.augmented_star_gene_counts.tsv,2c8cb0d0-2e13-4ec6-b097-f82645d47b2e,2b84cfbc-7cf6-4cb1-a1e3-ba85dafb89f4,TCGA-EM-A3FR
3b7f4042-3875-4596-8bf4-0ee7eec93516.rna_seq.augmented_star_gene_counts.tsv,865c259f-80d6-4f88-b5d1-14d8d6e7f2e6,29963391-3926-4b7c-8066-185f0f2d5bfc,TCGA-ET-A4KQ
9dde9b6c-b5ba-4466-b3c7-aba8a9e69b54.rna_seq.augmented_star_gene_counts.tsv,2d5e9d92-0fe5-4d07-b9e0-6f26d9e0a266,29c4319c-3ead-42b1-810d-418da8d515c4,TCGA-BJ-A3PT
4ea64570-2b92-4462-aedb-e5e5cffcce67.rna_seq.augmented_star_gene_counts.tsv,b544247b-a6dd-4a10-b9dc-a9437ccbded2,2d633ced-ae85-462c-90e7-c1b109e084cf,TCGA-E8-A44M
bc54b850-b473-4f17-b25e-29d7774d136e.rna_seq.augmented_star_gene_counts.tsv,c3a60103-efb6-4553-bb36-917fcb21d811,300720c8-68e5-4a3b-a873-3ad36ad0f953,TCGA-FE-A236
8821cc77-85c3-4d42-bf10-0f1cee13b00d.rna_seq.augmented_star_gene_counts.tsv,280de9cb-d098-46e8-b0ae-ccee52d8e5e4,34d4cc10-b868-4e85-96a5-8680fc729e34,TCGA-EL-A3N2
1f32c8a9-8a2d-4146-9194-69918deb8503.rna_seq.augmented_star_gene_counts.tsv,ff7a84e6-f49c-4832-9e60-7d64cbbf7c2c,3585ddab-fe5e-4a5a-92c7-3cbaff52af57,TCGA-EL-A3CP
ebad41db-beb2-45bb-926a-2e20b18216e7.rna_seq.augmented_star_gene_counts.tsv,9499982c-311d-40cd-8353-dd21c6b18d0d,3597af5e-65ff-40a7-95fc-dacc26cbca14,TCGA-DJ-A1QM
164fe0cc-c07d-4d09-adfd-cca86b737aa3.rna_seq.augmented_star_gene_counts.tsv,eeed9479-565a-44d2-8783-458aaae5d51a,38d03e42-db98-43bc-bb3d-2580cf55a681,TCGA-IM-A4EB
588ea4aa-b4fa-4f97-94ee-f6d566f7de88.rna_seq.augmented_star_gene_counts.tsv,2ba42856-8b82-4fbf-84a9-44eabe27bc62,3b5582e4-58af-4a01-b83d-6fe9704f2b43,TCGA-ET-A3BN
9c81e7f5-4093-4705-8d77-947db7dea3d0.rna_seq.augmented_star_gene_counts.tsv,a5e6c3d1-f729-4393-864b-f153863aec46,3e787a0e-b5d2-401e-b1e5-077376090b3a,TCGA-DJ-A13R
d3300e42-7a0c-4af9-940e-4cea92758918.rna_seq.augmented_star_gene_counts.tsv,7c4c5e6e-2a00-423b-8be0-a647038e9ffa,424de829-9efd-4689-ac5d-24485a5d5ecf,TCGA-ET-A3DW
e2625ac8-fb82-4568-b71c-ecad98eb166a.rna_seq.augmented_star_gene_counts.tsv,3fbcb5f7-24d9-4093-a34e-1fc6f83c7d3b,4cccc34b-daf6-41ca-9bf8-f1614525eac9,TCGA-BJ-A3PU
e789c64d-c165-4b92-bbb7-51001e310c74.rna_seq.augmented_star_gene_counts.tsv,c97ad389-99d9-4c27-b19e-cbf454c04e43,4cccc34b-daf6-41ca-9bf8-f1614525eac9,TCGA-BJ-A3PU
b7b7f433-5a3e-4abd-bf11-3b8dc92e2334.rna_seq.augmented_star_gene_counts.tsv,78f4de91-9cb5-40c4-af0d-f295468716fd,4d1aec67-c345-4721-8ee8-356b0dff009b,TCGA-FY-A3ON
1fe8a7ea-9734-4ba0-8f2f-d51a9da88baa.rna_seq.augmented_star_gene_counts.tsv,9f492497-0039-460c-b408-192cc194baf6,4d30606f-3ab6-4ef0-9991-8897cdb9960b,TCGA-KS-A4IC
6637d930-8c7b-414a-97d5-f7f5591355b6.rna_seq.augmented_star_gene_counts.tsv,371eb875-89ad-4a91-a2b5-ba98c0ce2ef1,4ec2bb20-2190-4c37-8aaa-4086fef1fbb6,TCGA-DE-A4MB
d82387dd-f614-4d15-9a1e-db7820fccbd9.rna_seq.augmented_star_gene_counts.tsv,3e9ed7f0-3324-4c3c-85e2-dadb05025b94,4f340c8c-5912-4257-b57d-c096da254c26,TCGA-EL-A4JW
8ef08662-aa11-40fc-a9bc-64400616c8bf.rna_seq.augmented_star_gene_counts.tsv,63f7a81e-c404-49fc-bc72-52b2a81ea9a5,4fa53eb7-1fdb-4fe5-b5ad-f3d8069b3eb8,TCGA-ET-A2MZ
e3466176-3ac8-4137-b082-d91d283af764.rna_seq.augmented_star_gene_counts.tsv,cd4545b1-1add-488f-80dc-17edaeb7cad6,4aed5116-d27b-4911-b310-05c2248b861f,TCGA-EM-A2CN
d961ebab-5912-49ca-bdd6-2f78258e0da9.rna_seq.augmented_star_gene_counts.tsv,c8110c7f-903d-49ec-9e65-44db1cbb5e7f,53ba15c0-780e-4153-a612-046f1b24b4b3,TCGA-FY-A3TY
25c2446c-da31-4e61-814c-c55de3fb5bf8.rna_seq.augmented_star_gene_counts.tsv,0c8a92ae-0b90-471a-9ef8-fa8e42f6204d,59221e3a-2927-40bf-a38d-4a5843ea179b,TCGA-FY-A3WA
5b069351-319f-4b20-ab3d-e74b56814f32.rna_seq.augmented_star_gene_counts.tsv,8e124018-d6a5-47f8-9486-4c0fb0c7a622,50ec4170-29ea-4ee9-8ce7-67ec78d1dc76,TCGA-EM-A4FU
e3bb824e-7e27-4ba8-9673-874417952e78.rna_seq.augmented_star_gene_counts.tsv,108bce52-0187-4f9f-9dcd-921450b2e9c3,4bd61e82-5168-4222-a8c8-5124ab8fdd44,TCGA-KS-A41L
e7a2dde7-09e3-42c3-9161-5b9d54155dc5.rna_seq.augmented_star_gene_counts.tsv,853de7e0-6fe3-40af-b243-e1beca83e6bd,59cd0969-a798-4d19-95ed-a311f39d2f38,TCGA-EM-A3FN
4a4bfc71-4c14-465f-812a-4d3292defe99.rna_seq.augmented_star_gene_counts.tsv,2f59cbc7-724a-48d3-b02f-8dedc49833fd,52203ff5-57b2-4d56-8935-2ff1eb61d7b8,TCGA-FY-A3I5
87ddeabb-522b-415b-8ca0-2fe166d52525.rna_seq.augmented_star_gene_counts.tsv,c8c2f184-1d51-4364-99f5-5d78cb89ecf3,59e47734-96de-4328-aca7-e9423dda9c52,TCGA-E3-A3DZ
5a192bc4-e62b-4ee5-a257-dc2d6c199433.rna_seq.augmented_star_gene_counts.tsv,f837995e-48a9-46b4-bf57-0dd6f3086046,59e91fe5-c80f-4915-be0f-1a7cd3f31f3e,TCGA-BJ-A28S
06dd5823-6af8-4f56-b371-aee90322e9d1.rna_seq.augmented_star_gene_counts.tsv,a35f9f2f-2378-4825-812e-b55a9f21317f,6675c581-297d-44cd-b80f-ae7e53d48228,TCGA-BJ-A0ZC
06f16d2f-e722-4d5b-a35f-b63f01e1f0a4.rna_seq.augmented_star_gene_counts.tsv,afa83e9d-ec92-45c7-b741-c78ff4523e5d,5a6b9340-acde-4d97-8836-20ae29732851,TCGA-ET-A3BQ
70a5ce16-5020-4b6e-94f2-a12fb077a348.rna_seq.augmented_star_gene_counts.tsv,11b81a6e-be33-4bc8-8b91-1034c67a3ed8,667eb7f6-1d36-49bb-9d7b-c9d167b64619,TCGA-EM-A2CU
927d7618-2785-47af-9454-628a08a4d188.rna_seq.augmented_star_gene_counts.tsv,d199cbf2-7c0b-4506-b476-2e9bd63ae514,64de42bd-d134-4f44-82fa-d6614709bf01,TCGA-EL-A3ZT
29141e2e-357c-4f1d-96f6-df4f05808ed2.rna_seq.augmented_star_gene_counts.tsv,64613ae3-9307-49ef-bc90-47a2b08b3d90,6b85d76d-6098-47ea-9823-586238526cf1,TCGA-BJ-A45J
a35af1ca-0382-4cb2-99d4-6fbb32fa3deb.rna_seq.augmented_star_gene_counts.tsv,34dda809-a7af-411f-ab80-b021b077eaf9,6abc861a-376d-446b-acee-fb0f03a82c09,TCGA-EM-A22O
79153df4-78a2-4491-a73e-51b3c7e3773a.rna_seq.augmented_star_gene_counts.tsv,e4d13a24-fbba-4167-af93-94c4b0b3bb48,7044dee0-fd6c-4e75-b731-dc60a386a1ab,TCGA-FE-A231
185ecfd0-680c-4874-8667-5d7543ec562c.rna_seq.augmented_star_gene_counts.tsv,cf19f287-ebc8-4be0-a619-cb26e7d5a671,6e1c9ac8-eead-4db9-8f30-ef3591daf78b,TCGA-ET-A39K
e7339363-1f11-4229-898f-e0ddbaef9d2b.rna_seq.augmented_star_gene_counts.tsv,f2675b47-1187-4dad-a53d-60179daa7c88,7244b7db-8282-43aa-a4b4-ad6af972cf9b,TCGA-EM-A2CQ
0f6e2216-6762-4c82-aa09-a9b36a475392.rna_seq.augmented_star_gene_counts.tsv,2b0baba1-90ef-47ad-9910-44b522f7182d,6ee95dc8-2bac-4691-afa2-8222e07506ad,TCGA-DJ-A3US
4190b32b-76fa-456d-b85e-6c95761a2042.rna_seq.augmented_star_gene_counts.tsv,bff2f4fe-4522-4627-b432-bb7cee8755c7,762eddb5-1b47-4b79-b20a-1edfb07c0705,TCGA-EM-A1CV
e4a20ea8-3833-4081-a9c4-e82e7ca7b3d8.rna_seq.augmented_star_gene_counts.tsv,677b46a9-5c2e-4815-bbc0-b334882c22a3,77d5b246-33ba-4a96-9d73-06aca797653e,TCGA-DJ-A13O
8c6beb2d-3494-4454-a345-1aa05d5f94b3.rna_seq.augmented_star_gene_counts.tsv,5aa236ce-9a58-4439-81fa-0f882548407d,7746be87-7ad0-48a7-84fb-08a81b220bdb,TCGA-EL-A3MY
075f5bb0-d87a-420d-b0bd-9843963cfbcd.rna_seq.augmented_star_gene_counts.tsv,102d50cb-a421-42d3-b417-be1e96a85ec8,7802140a-e518-4ae6-9bd1-c26d80b14ab1,TCGA-EM-A2CK
0c202b06-dba3-495d-acec-2c1891568080.rna_seq.augmented_star_gene_counts.tsv,39bc85c4-e9ac-40e3-8932-7aa4afb27b84,7746be87-7ad0-48a7-84fb-08a81b220bdb,TCGA-EL-A3MY
f0519bc4-ec21-43ca-b3c8-0e81962d4e79.rna_seq.augmented_star_gene_counts.tsv,84730d14-88bb-4b77-8b04-16229b83dd9d,778a8f53-53f6-4a03-8ce1-b0928539a444,TCGA-BJ-A45H
740bbf7a-50f3-4c9f-8e21-8e5abb9079ed.rna_seq.augmented_star_gene_counts.tsv,c5b06e27-6e58-4555-84d9-b14078219e18,785803bb-42a8-4afb-b7b4-58c114894408,TCGA-FK-A3S3
119bf462-4e36-4ed0-8b39-5a4e800a33d9.rna_seq.augmented_star_gene_counts.tsv,ec82193f-8c29-4486-aa5d-0c1912608727,7d11b016-c564-4fb5-9b85-1b1a0188006f,TCGA-FE-A237
9af30f7e-312c-47b2-b63f-824e49e009f0.rna_seq.augmented_star_gene_counts.tsv,4c657a84-f794-4324-b1c7-d118ad2e90a8,8446bcba-0dcd-42eb-96a1-00f5470c9f65,TCGA-FK-A3SG
7cbd3814-508f-4b64-9cb4-322e25a5ddc7.rna_seq.augmented_star_gene_counts.tsv,b127c23e-b16b-4402-8a0c-764867fc6b52,86d5865e-6a1c-467c-97c9-47460b77f5a4,TCGA-DJ-A4V5
3da3efd3-63fd-475d-b9ac-7506eba20758.rna_seq.augmented_star_gene_counts.tsv,d38a7386-1ace-4edd-a42c-d3d93c8ace02,7ef22138-ac76-4846-b3bb-ddf1efb96531,TCGA-FY-A3W9
147f7fe0-36f1-42da-a0d1-e753636f2d36.rna_seq.augmented_star_gene_counts.tsv,23cfc123-e7e9-4e13-bbcf-4ec06d0bf378,812a2d18-c43b-4484-8a8d-234056a0e90b,TCGA-FY-A76V
f1649f82-024c-4824-a1ee-1e710b1b123f.rna_seq.augmented_star_gene_counts.tsv,04f1e2d6-dda4-4346-978c-aa71cbfc880a,82dd133b-691b-4bbf-b948-6270869d9b69,TCGA-DO-A2HM
82c6d698-4f92-4737-a434-09534f0e5fdb.rna_seq.augmented_star_gene_counts.tsv,a4153890-d27b-4f55-a5e5-5204b7f59392,86b82345-6f4d-44fd-a9db-6f107de62f53,TCGA-E8-A416
a5e23b45-1c55-4f2a-b0a9-b3609b3fb823.rna_seq.augmented_star_gene_counts.tsv,476f4434-e85b-435d-9070-b5c0bf6abbff,8950691c-600f-4a90-adf6-42a8f129aa3e,TCGA-FK-A3SB
3682a3e2-17ed-4f6c-b4de-9057e6d7f4c6.rna_seq.augmented_star_gene_counts.tsv,3b668d39-d66d-472f-ba4a-e53fe34041e6,899ed323-4fd1-4d8d-9c2f-c63d9b44e875,TCGA-KS-A4ID
da219a47-00c5-46e1-a6cc-0a53b56a01b6.rna_seq.augmented_star_gene_counts.tsv,63f9e0c0-a0ff-4172-b19e-f87c1ef1d62a,8cfc2589-b0ad-4fe6-8420-8f6fe0178bcc,TCGA-EM-A3OB
188d08c7-8e4d-4fd8-88b7-f3491330ceee.rna_seq.augmented_star_gene_counts.tsv,bedfa47c-8383-4aaf-a609-f96850b414a2,8d54a2ed-03f1-4a23-bdd2-f3395f5d3716,TCGA-EL-A3H1
58a834c9-81a6-415f-bfbf-331346c9ec5b.rna_seq.augmented_star_gene_counts.tsv,a75c2127-bf78-41c6-b382-71d0d36b741a,9382942c-40dc-404a-ad8a-697612cdb575,TCGA-ET-A3BP
c2749079-ddcf-4305-836c-08d3dd57f4ae.rna_seq.augmented_star_gene_counts.tsv,29092f9c-dfac-467e-8432-c615b1da79ce,90507baa-b716-4bcf-a18e-9d8ae97d809a,TCGA-EL-A3T6
8e5894b0-6d31-49f2-baa2-c69249214635.rna_seq.augmented_star_gene_counts.tsv,90c1c52d-0d8b-41d3-82c7-e4773c95a22c,99ac4f2e-2e63-4f1e-af0f-8f23a2caf999,TCGA-DJ-A13V
06735819-fc94-4e07-b528-8bea573f5ace.rna_seq.augmented_star_gene_counts.tsv,0a664c34-94cf-490a-8f3e-e735a75af74c,99ef2fec-5a3c-4e42-8f78-7eaf9877e26d,TCGA-DJ-A1QQ
8cb8b6e3-d057-47f2-a7ed-bb8f09814c52.rna_seq.augmented_star_gene_counts.tsv,a1d090b6-22e9-44df-919d-0f5754851945,a061976d-ba2c-4a18-a51e-952f198eb4d5,TCGA-ET-A3DR
7203d325-f022-49c8-b767-189cd6efd9cd.rna_seq.augmented_star_gene_counts.tsv,49fcb2c7-64fb-47f5-9fe9-7c197f442397,9d3f6163-f586-4974-babc-67b5163b706b,TCGA-DJ-A3UT
523985c3-cc11-41da-b810-c64bebea6f39.rna_seq.augmented_star_gene_counts.tsv,1d81c9ec-dfc7-4937-a0dd-36e2f9dda4ac,a09b20b5-c187-4632-b996-0d5314a9885c,TCGA-J8-A3YH
9829ce20-4a71-4345-ba23-c619e7050f67.rna_seq.augmented_star_gene_counts.tsv,b174413d-e07a-4a7a-8cfe-43833a4890d9,9dcaa676-10ca-48cb-b245-7cc4bd1fe9bb,TCGA-ET-A2N3
f39f023b-db0c-4624-98c4-9d3011947705.rna_seq.augmented_star_gene_counts.tsv,1c09d4da-0dc2-4640-84d3-c3d82cb9e7b9,a09d0be0-fd41-4b30-b488-9a9f2abef8e7,TCGA-EL-A3TB
0a1f121e-465b-4b88-be23-74084a4d84bd.rna_seq.augmented_star_gene_counts.tsv,d3eee6dd-5682-40a1-8ca8-6e2816512151,9ff3f335-69d1-4caa-a5c5-ee66f4f92d17,TCGA-ET-A3DT
0724f5b0-f15e-4d5f-ae47-9a416cb38d89.rna_seq.augmented_star_gene_counts.tsv,f929972c-1b5a-4fdb-b992-f69eb572496d,a3f87411-0a7b-4415-ba17-8edcc2639f6c,TCGA-EL-A4K2
fcc7bbfe-602a-4780-80fa-924fa8a18ecb.rna_seq.augmented_star_gene_counts.tsv,752db3dc-92ba-4a16-a8d0-41ce260cef62,aa528913-cbbc-4e1d-b6d0-87f6a46bcbc9,TCGA-EL-A3GO
c808ecb9-ccef-46c1-a7e8-e28ab1b749a7.rna_seq.augmented_star_gene_counts.tsv,04e39981-d4c9-413e-8625-bd7aebf53876,a4a217c1-66e8-4cc5-805a-1172ce5da721,TCGA-DE-A4M8
e505e775-0084-4acb-b7b1-1f719c0b2a1a.rna_seq.augmented_star_gene_counts.tsv,a378a703-e62d-4860-aec0-caa90f5af30f,a6d37f61-beca-46ea-a59a-62257475ac77,TCGA-BJ-A28W
fdc7d01c-8737-4959-a13f-a6f85f037e65.rna_seq.augmented_star_gene_counts.tsv,deca26c0-d474-4a76-9a60-d49954ce1b68,aa6e3437-ea1c-4bed-ab7d-8f3f89f8ceeb,TCGA-EL-A4K1
84179f4f-5ad5-463a-8aa7-df64c5c51378.rna_seq.augmented_star_gene_counts.tsv,c837ff28-0b47-400b-a900-72d0a786e62b,aabc7724-71c8-4c1b-a54b-22e88dde148f,TCGA-EM-A22L
a2a861a4-0f75-45db-a238-57e56ac3ee92.rna_seq.augmented_star_gene_counts.tsv,101cc04a-333d-42cd-ad71-4102fd8b8828,af546062-0960-41f0-9ed1-6acecbad99f3,TCGA-DJ-A2Q6
52fc7f4d-0df0-4aa3-8c5e-85bf37c902c2.rna_seq.augmented_star_gene_counts.tsv,36618b4c-c4da-4513-a4b7-6579f3cffeb2,aa3ce865-4bc1-4cca-9ba8-35ff4c5e165e,TCGA-E8-A432
bb9a366e-f982-40f5-bbe3-26858fce256d.rna_seq.augmented_star_gene_counts.tsv,ed6dfced-49e3-47c5-9ef3-86cb52cc8cf5,b2e6933f-50e1-48e3-ae1f-173e1bc889ff,TCGA-EM-A3FO
b97cfd85-9348-4aef-9270-4b8f80889022.rna_seq.augmented_star_gene_counts.tsv,9893b949-598f-4664-a72c-8495d0047bf0,acba8d76-999a-4f6d-b3a4-8d7dd0f2bb52,TCGA-DJ-A2Q3
ac39a545-b8b9-4f0a-bf04-b503a112034a.rna_seq.augmented_star_gene_counts.tsv,d4111037-f2ac-4b83-8e8c-87abf68ec189,b1640709-8b2f-4cca-a2c0-55a1b4a1884b,TCGA-EL-A3T7
7ac8fff8-0078-4e00-ac25-3145f416311e.rna_seq.augmented_star_gene_counts.tsv,a5d1ca87-47c3-4602-a591-9e4f4077417e,b30f5b13-8cc9-48a0-93ea-3d49ce8a7d0d,TCGA-BJ-A28X
13b210fd-3ca3-40f8-86e8-2f83b97977cf.rna_seq.augmented_star_gene_counts.tsv,7c6a1de1-d5d2-43b7-97fa-b5018cc31114,b1d71782-2443-43f3-bd0e-8b7220515cb6,TCGA-FE-A230
e0167d42-6026-4399-a46a-cdd47fed56e6.rna_seq.augmented_star_gene_counts.tsv,4c4e1027-4ff7-4fde-98a7-20fd46b5b44e,b555b7a4-6324-4d3e-9eed-b140af6c768a,TCGA-L6-A4EU
750bfed9-4edc-4343-8a39-7503573bf761.rna_seq.augmented_star_gene_counts.tsv,8b6f7af8-e41f-47d8-8cc3-dad528776ccf,ba9dec81-ffc0-453a-9621-94beba45fab1,TCGA-DJ-A13M
7490db97-418b-477c-9134-9758b56a8ee9.rna_seq.augmented_star_gene_counts.tsv,e491502d-1c89-4629-83b6-7c00420e8804,b8cb385a-4e5f-4932-944d-04d6ea1bba5a,TCGA-BJ-A45G
fb4c88c3-b0dc-494d-b0af-5fc54758ac11.rna_seq.augmented_star_gene_counts.tsv,18dd389b-b0b7-43f7-877f-0fb8e3471af0,bed1fb3c-4459-460e-8190-29211857fa73,TCGA-BJ-A28V
715fd3cc-39ae-4c54-a743-79559079d1e6.rna_seq.augmented_star_gene_counts.tsv,8900f950-c646-4cec-9d10-f0c2d75fe7ca,c2291b36-7b7f-4c07-a164-6600d9e7929f,TCGA-EM-A3FP
b1893b53-5297-4bbb-857f-b05a95b3192b.rna_seq.augmented_star_gene_counts.tsv,0ae5650b-0dab-4645-ad7b-854b30bdbf75,b9e6a966-da7c-46f3-825f-8e19c06518c3,TCGA-EM-A2P2
60997a16-5f0f-45e0-8075-113a3bb783d1.rna_seq.augmented_star_gene_counts.tsv,e46fd0f4-896f-4a4f-ac4d-b03303e464cb,c30eb9bd-d705-4464-9014-e0aa7cda53c7,TCGA-ET-A25O
f328f3e8-f75e-414a-901d-0bc79d212556.rna_seq.augmented_star_gene_counts.tsv,c131a5ef-4bce-419e-9bd2-4ff4d348be12,c438c562-a2b6-4ceb-b91a-7e77eb2ec962,TCGA-E8-A415
0a547b9f-f67e-4fca-a29f-7f2ce079ea3a.rna_seq.augmented_star_gene_counts.tsv,3b8bd89b-9d4e-49a9-bc74-8d6c712d5dd8,c77976b6-35ea-4623-a92a-6d9440a978e6,TCGA-FY-A3R8
5b45019c-fb2b-41f2-bbbf-ad9b6bcb2112.rna_seq.augmented_star_gene_counts.tsv,ac3b2403-e941-4b8a-8051-f29055c2428a,c781b49e-d08f-49e6-b774-7cfe4100e92d,TCGA-FE-A235
4e413b14-89b4-4a78-8a0d-6c50f073fb40.rna_seq.augmented_star_gene_counts.tsv,56a11c6f-f63f-46b3-84d3-c444dae76628,cbab7a72-11f7-4dfe-80f8-1b1ef1cf0055,TCGA-BJ-A2N7
ba5a2df9-4a25-44f6-b394-4005051e3a5b.rna_seq.augmented_star_gene_counts.tsv,0931e34f-0ec0-41a7-bd0c-e1c4824c92ad,cc84500c-0196-450d-87a1-ca394cc227b5,TCGA-BJ-A4O9
587bd689-9a0f-48b2-9a7d-28bd89e1b6ad.rna_seq.augmented_star_gene_counts.tsv,27ecc5f8-6232-48bb-8a1f-fa46af7a9309,cd0c33c3-4427-471d-979e-79dc43f3a018,TCGA-DE-A4MD
d4990794-0297-4607-a99d-61a17af6d7c1.rna_seq.augmented_star_gene_counts.tsv,8bbcaa0d-d0e4-433c-99be-65a920400ab4,ca65a38e-8b49-4b50-908a-478b95b95c02,TCGA-EL-A3GW
44fcb276-e40c-4854-922b-06ede5e192e3.rna_seq.augmented_star_gene_counts.tsv,39ddcdd4-520a-4039-9838-4c0456cc5223,cd1656d8-55a5-4248-b81d-fed9d5992cbe,TCGA-FY-A3I4
a14f29c0-7867-4db5-910b-bf894b1aef34.rna_seq.augmented_star_gene_counts.tsv,e3700170-29ea-4485-8b22-93edbeedb1f7,d5932dd7-b777-427f-8b55-3ec369fd76a3,TCGA-EM-A3ST
4a710308-1f81-4eda-a379-a0a43e9a6959.rna_seq.augmented_star_gene_counts.tsv,62eaa394-4b8c-4719-b483-c450d223597b,d5932dd7-b777-427f-8b55-3ec369fd76a3,TCGA-EM-A3ST
6c02a563-67a2-4c8b-a506-3e3b340c8148.rna_seq.augmented_star_gene_counts.tsv,639dfa00-695c-48a6-be06-8557aea24cfe,d3d9ccdd-4789-43b0-8e73-b2c42cb7d83d,TCGA-KS-A4IB
649f9ac9-8b16-4108-90f5-4ebd5cb49619.rna_seq.augmented_star_gene_counts.tsv,c3499c93-0cff-4d93-b1dc-c795a4d6b48f,d3e75fb4-fb7c-4ebf-9c75-2be9ffd9f52d,TCGA-EM-A2OY
94fb10ee-93bc-4295-b889-01789b913933.rna_seq.augmented_star_gene_counts.tsv,aa07b260-11cc-439b-bf1b-84c1a3260f1b,d4355111-3abb-40f0-bdb7-b9eaa39dc771,TCGA-EL-A3TA
43181270-1921-4ef1-8741-6c4a9b2006ac.rna_seq.augmented_star_gene_counts.tsv,51c0f97a-c059-4688-8e48-7b9975cd4b17,d4355111-3abb-40f0-bdb7-b9eaa39dc771,TCGA-EL-A3TA
38272f63-94e2-464a-9cd1-d7fa3530b8b1.rna_seq.augmented_star_gene_counts.tsv,afd66b08-2d7e-4e49-ac27-1ab68da1d1b9,d61ca744-adc4-44d5-ad15-cc17399e8083,TCGA-DJ-A3UK
23731b0a-81a0-4c06-9715-6a1ced5c295b.rna_seq.augmented_star_gene_counts.tsv,09cc958e-370f-4120-96df-896c7e602474,da575651-8a69-4d08-aa0f-4a1891b0b44f,TCGA-DJ-A4V2
1d9866b4-bd53-4432-b8fd-974c9b2809fe.rna_seq.augmented_star_gene_counts.tsv,e7b0528c-6ca5-45ae-9b9e-4bdf472ef15a,dffc4f7a-c67a-4ac5-a338-717dffde686d,TCGA-FE-A238
a4f57245-9838-4055-8a19-ce10e94cfa1d.rna_seq.augmented_star_gene_counts.tsv,faddc64d-e125-4a53-a37c-b4e615ae9df9,e1c8af06-9ea4-4062-9264-aa916e0025d1,TCGA-4C-A93U
f7e22c79-23ad-4fc6-b625-ec8d40131d3b.rna_seq.augmented_star_gene_counts.tsv,23e64279-3952-49d7-bcfa-7f1ead36304c,dde7ade8-de24-467f-855d-a422bbede407,TCGA-EL-A3GU
3d54f175-0fde-4030-8a67-21ed571bd068.rna_seq.augmented_star_gene_counts.tsv,8b92ac31-d481-4d26-b25b-143f65785939,e0174496-d774-4417-81d1-cb16771760ad,TCGA-KS-A4I7
fbc34a61-f35f-491b-a610-755582447f66.rna_seq.augmented_star_gene_counts.tsv,0859cb32-59d7-4127-a9d6-1185fcdb74e3,e069dcad-2fd1-464e-a5e9-fe36f05a0446,TCGA-EL-A3H4
aff0cf03-c7fc-4d58-a4b2-c1e89a228946.rna_seq.augmented_star_gene_counts.tsv,da1a8538-f647-463b-b927-f375f6a5b82f,e28e35b1-eb58-45bb-b19a-958187227500,TCGA-IM-A420
4bbfd40a-249b-4f23-b76f-24b6b42355c0.rna_seq.augmented_star_gene_counts.tsv,cd342b71-4d9c-42bc-95e6-e9ef31124811,4e959d61-4f7f-4933-bada-d33a621d9c03,TCGA-EL-A3GQ
a0e3662a-571c-4e80-8126-b5c576374563.rna_seq.augmented_star_gene_counts.tsv,4af17296-dc40-45f6-8bef-0bb5af55406f,524a39ee-8fa3-418e-98a2-a6a90e9c8064,TCGA-BJ-A28R
05c2e90c-544c-425c-8bc2-961653ee1e7b.rna_seq.augmented_star_gene_counts.tsv,1156c53c-c2f9-48f5-a237-10e6416587fd,47bde6dd-fa41-4d1b-8b20-2a5a5cdb2769,TCGA-EM-A3AK
7ed8fc5b-55f7-4801-9217-afe90c1a47ac.rna_seq.augmented_star_gene_counts.tsv,40ea4bb8-cd20-4475-b9d2-4a611975aeb8,59681e8f-cf57-47b4-82e1-6be8ead9583e,TCGA-ET-A2MX
64abaafb-e4dc-4791-b2ae-de246b88d0a6.rna_seq.augmented_star_gene_counts.tsv,6c9706bf-5c90-4436-a2d9-e8a6e08a2afb,59681e8f-cf57-47b4-82e1-6be8ead9583e,TCGA-ET-A2MX
6fc4c2f4-b020-4494-9652-c1078a55448a.rna_seq.augmented_star_gene_counts.tsv,c5fafb87-e6d6-409e-9872-117798b3d4c4,55e03ffc-f006-4ec8-8e5d-a738ff091f8a,TCGA-EM-A2OV
50d512bf-4577-4017-8bf8-dbd1fb413a82.rna_seq.augmented_star_gene_counts.tsv,8a91ad45-592a-4539-90ed-2dddf33b10a4,567e4d90-5c5a-44f0-a462-90c831f3c096,TCGA-EM-A1YA
7f10a5d5-683c-45d4-8ac5-d7d36e106ce5.rna_seq.augmented_star_gene_counts.tsv,3d39fcd3-b37d-47be-8693-d9afbb6a3648,4c513413-263e-4c7b-b997-7b688c47b698,TCGA-BJ-A0ZA
5b95f998-93bc-4017-91d7-e71f3a92f0ac.rna_seq.augmented_star_gene_counts.tsv,9d615067-038e-4ed5-9e49-c490347d2a78,524a39ee-8fa3-418e-98a2-a6a90e9c8064,TCGA-BJ-A28R
49c42e28-a8b1-4bf2-96b3-bc7e407a9995.rna_seq.augmented_star_gene_counts.tsv,0f89ce40-61ea-430f-87d1-be87d9ac924f,58ff4366-20a3-40a2-a87a-551e17cdb5d3,TCGA-FY-A3RA
681ebbbe-4f3b-4b4a-93d0-5a37e10af3cf.rna_seq.augmented_star_gene_counts.tsv,b2f92878-065c-460d-95a2-a96a95a4b629,5d0cc336-26f2-4cb0-aa9e-58491dda102f,TCGA-EL-A3D4
a7e85d13-c2db-45c2-910a-2da00ec374ee.rna_seq.augmented_star_gene_counts.tsv,b0c0055f-55c8-447a-9590-fd1ae77c7128,3d952b80-501e-41c6-a3af-0bd6014b81e4,TCGA-EL-A4JZ
643bfc2d-8194-4f80-ad83-a80c58060916.rna_seq.augmented_star_gene_counts.tsv,4691d3b6-9d7e-4d28-b69f-d13503f24db6,63076bda-61a1-4403-a270-4130b5d003ee,TCGA-DJ-A2PV
6a97f265-9602-4a22-862f-c9c5c2d4adcf.rna_seq.augmented_star_gene_counts.tsv,be67f169-2a2c-4938-a141-a839b295b87f,6a87bbc4-6161-4fc6-b4df-518d7831f4d2,TCGA-EM-A3AI
58075561-f0ce-4e13-9f75-fd594cf4312c.rna_seq.augmented_star_gene_counts.tsv,7ef03172-68be-438a-85cd-b9db97ffd5b9,63c20d30-3bc9-4dca-8a8d-09fdea41f288,TCGA-J8-A42S
d47ac4b3-246a-498f-ab48-d22e6384c196.rna_seq.augmented_star_gene_counts.tsv,d8c91de0-3257-4c49-8eae-dfc381a81481,44c2da7c-6975-4d09-b65c-4b30afd019bb,TCGA-FY-A40N
57f9b760-ccd1-48bf-a031-f0d1e232f64d.rna_seq.augmented_star_gene_counts.tsv,a292e3ff-5e63-4d77-8398-f3afa5c880cc,6ba76174-620e-4851-857a-d0adbfd6f3e6,TCGA-BJ-A28Z
0cfde228-89bc-4454-a894-d6fc4b032892.rna_seq.augmented_star_gene_counts.tsv,6f1184e8-ea92-4e59-90ca-0f61a9428f20,6befdc6a-27fc-4cde-979b-ffe05cd8603f,TCGA-ET-A40Q
0f81cbb0-a3fe-4123-90d3-ceb43b11e60b.rna_seq.augmented_star_gene_counts.tsv,6044cdaf-212b-477f-a967-fc44911ab337,707312fe-1d92-413e-a891-1ea3f496c343,TCGA-EM-A3AR
ee4a663a-5c07-4915-8eab-bc49ea1489fd.rna_seq.augmented_star_gene_counts.tsv,40ec3184-5b50-47b0-95eb-865fe3df4513,6ff5c8bd-9929-43ee-b53c-3c7c0b23f97b,TCGA-KS-A4I1
140e1c05-09c3-4396-af46-6a4623ac879b.rna_seq.augmented_star_gene_counts.tsv,3b02644e-4b3e-44be-9b5c-f9583559b7c3,7555e736-a9e2-4b96-a633-fb0f7224d62c,TCGA-EM-A2CS
b21b2a05-7495-40e2-8f9d-b6378d4472db.rna_seq.augmented_star_gene_counts.tsv,27532782-f61f-466c-9758-d693eeecc86f,72d8dcc3-0709-4fd1-98d4-fb75e9340758,TCGA-BJ-A0Z0
620d1ba2-b709-436c-aa74-498d441aa990.rna_seq.augmented_star_gene_counts.tsv,4ab212b1-2a55-4850-8610-8a3c96ed0c1b,7629f864-a009-4aa9-bf7e-2d99e00d294e,TCGA-ET-A4KN
acce584e-3c97-4185-bc94-909569376047.rna_seq.augmented_star_gene_counts.tsv,cc1e4628-b327-4013-a3eb-af114c3faa67,745642a0-ddba-495b-bafc-da085552758a,TCGA-EL-A3CU
53617ed9-94df-4629-a141-ab7d0118f24a.rna_seq.augmented_star_gene_counts.tsv,eb23bf14-0f53-4e8c-9d50-2d9743a620c3,77bb90f0-e923-4e28-bb88-4d6b420e0b5c,TCGA-DE-A2OL
7fe452a9-d942-405f-a84d-4c21cd0c3186.rna_seq.augmented_star_gene_counts.tsv,097a5525-0a68-45a3-8424-d7b2f1f25558,762eddb5-1b47-4b79-b20a-1edfb07c0705,TCGA-EM-A1CV
990d59a1-18bd-4903-b1c9-f4d8b9edf980.rna_seq.augmented_star_gene_counts.tsv,0148a96e-972e-4762-9a75-ee2791dc3d95,78d14f86-896a-4f98-9274-b2e8e387add9,TCGA-FE-A22Z
f2090b33-a556-4629-83cf-0aef66458cf3.rna_seq.augmented_star_gene_counts.tsv,dbc6d549-cab2-4a9b-a85b-2e9b09bd016d,7b82e2d2-47f9-41a1-9eca-40904c92039c,TCGA-DJ-A3V5
3fcf873b-0f63-451e-8bc8-199bd8a169c2.rna_seq.augmented_star_gene_counts.tsv,804a719b-f3a3-44d4-95e3-13578b99706a,7f9fad75-ac3e-4580-b949-80eed07a3230,TCGA-DE-A69K
4b3cd398-e205-4fe3-9c42-4827b390372d.rna_seq.augmented_star_gene_counts.tsv,c5ab56d9-3ebb-406d-9633-9f44be041ad9,7d818f01-49a6-4ba8-9f1c-c77398adbdd0,TCGA-ET-A2N5
989976a1-b9dd-4411-bd07-636058099468.rna_seq.augmented_star_gene_counts.tsv,bde8a6f0-44cd-4627-adab-5a040bee35c4,7d818f01-49a6-4ba8-9f1c-c77398adbdd0,TCGA-ET-A2N5
153946fb-8375-4d84-ad2f-2988722b845e.rna_seq.augmented_star_gene_counts.tsv,23642a6a-168a-4294-9ac9-2dd73477ae04,80aeb61d-21cf-4804-90ea-5d22eb06e299,TCGA-H2-A421
4ffc4d72-644d-4809-8039-30553f7eac1a.rna_seq.augmented_star_gene_counts.tsv,090c18f2-3ca7-4e56-ac8c-0ac3f93d4e31,8492820d-b619-4a74-95d3-eb574067f3f3,TCGA-EM-A22Q
a0b03d87-4cc3-46a5-892b-d4e6defea585.rna_seq.augmented_star_gene_counts.tsv,71dbf432-2bbf-4e76-8625-f863b08b78ce,80da6e75-b7ad-47a6-9923-1e21a519a968,TCGA-CE-A483
58a5fa75-8200-43c2-82e5-8bad2a4706fc.rna_seq.augmented_star_gene_counts.tsv,059efd3b-2527-4648-9334-498262fb56dc,7deedeba-f05b-453c-9df1-eeb20b0ec72e,TCGA-GE-A2C6
705148bd-112f-4c97-ba1b-d71ab3e757f9.rna_seq.augmented_star_gene_counts.tsv,1adb31d9-b06e-4820-8ccc-958298f59395,85def63a-39ab-4c83-ab8c-02c6f702f05d,TCGA-DE-A4MC
96eb62bc-c370-4987-b698-12082657e712.rna_seq.augmented_star_gene_counts.tsv,ec1d84cb-235b-488f-adc8-54006bc36850,861f94ce-45ff-4588-addb-e1ea48878c2e,TCGA-EL-A3T0
3762f95e-180b-43c2-967c-0e138fb23b63.rna_seq.augmented_star_gene_counts.tsv,5edc8af3-4e05-4ef5-933c-6b2c48cc7469,86f9eca0-d1ea-4375-a6bc-055e44b3198a,TCGA-BJ-A0Z9
905cf7ab-887e-46c0-a7c0-84ce3a09ea57.rna_seq.augmented_star_gene_counts.tsv,a9522b26-cb18-4bde-b2a4-8ef4701c29d8,861f94ce-45ff-4588-addb-e1ea48878c2e,TCGA-EL-A3T0
fecd3669-e812-49ce-8914-9d84ded36f35.rna_seq.augmented_star_gene_counts.tsv,2ae16d20-e82e-49de-90fd-cad0c6b900ad,87858089-1bad-4e5d-80ed-04f846da9ca4,TCGA-ET-A39N
e0b77108-1ea8-45f9-9ab3-899e0147a2d5.rna_seq.augmented_star_gene_counts.tsv,a8ae9773-3287-43e4-a18a-1ace7291e83f,8a233b01-2959-467f-8950-02be16309156,TCGA-EL-A3T9
918d786b-1b84-4b04-9e02-f313962ab754.rna_seq.augmented_star_gene_counts.tsv,89cc780a-8614-4dc5-8f8f-2e8a07384e47,8bea483b-ac43-4265-b2c4-0f031e539008,TCGA-DJ-A2Q0
6431f928-acb4-44d0-8085-466476609cc1.rna_seq.augmented_star_gene_counts.tsv,4c1d10e6-c86a-4139-94f6-185a97377550,8cfb88f6-7b37-4f1e-882b-3a368b604167,TCGA-BJ-A45K
91509eb8-f1b7-4c77-821e-10868605335e.rna_seq.augmented_star_gene_counts.tsv,9b57b16a-e4c3-4290-ab1c-7b3fa30f622d,8a8e05aa-f13a-4142-a335-7aafbee7b664,TCGA-FY-A40K
bd9e5d54-862c-4152-a30c-8c2d49611ede.rna_seq.augmented_star_gene_counts.tsv,33849bb7-6a8f-49ef-8363-bf36c2f53941,90473122-7221-491d-8fc2-0c72421d7861,TCGA-EM-A3FM
20c70125-f4ec-4d52-9efd-a207b559fedc.rna_seq.augmented_star_gene_counts.tsv,00775634-c7a2-4336-83aa-4da2dc58d375,8aa99f35-c644-4f91-9eff-a5d3fae758b0,TCGA-DJ-A13S
5346c03b-d4f7-478c-810c-dd2e9cdfccd6.rna_seq.augmented_star_gene_counts.tsv,3edd1965-26f0-4223-9840-9fdbe2ca531e,8e274b77-c05e-4a8c-a106-c552df1f2d11,TCGA-KS-A41F
29a824b3-2502-43b5-87bc-f461e773dd39.rna_seq.augmented_star_gene_counts.tsv,5b552577-3c91-402e-b9aa-45d79fa77e22,905469d2-4c97-4293-a20c-1b1f0462a25d,TCGA-FY-A3R6
2a4a0b40-240d-47c6-8a34-0c8928a64d1d.rna_seq.augmented_star_gene_counts.tsv,8de3cf71-a0c4-4f4c-8341-e9bb406d757a,8e9c3621-bc43-40d0-bb2d-0c8b7ade37c2,TCGA-DJ-A3V7
abec09b9-a0c5-4e52-8f0b-ea613e3f640d.rna_seq.augmented_star_gene_counts.tsv,ba21fa26-1b4c-4bb5-a43e-0c455e54f76e,92e9f5e1-b597-451b-b6d5-fad9a77ba87a,TCGA-EM-A22M
d3c77629-cba3-46b9-9c5a-4e2e5e9f8b24.rna_seq.augmented_star_gene_counts.tsv,d0efb6ca-a89c-4692-b9ec-fc582971e846,989e9202-c08e-4bbf-85b3-1e278a475cb7,TCGA-EL-A3T8
fdc1657e-e27f-4c79-97a0-6b6392aed9f4.rna_seq.augmented_star_gene_counts.tsv,d22c6856-ea5b-4ce7-bf68-ebab9fd5ae23,98a08015-9040-4e0b-bcfa-2c6db7d0f888,TCGA-EM-A2OX
fa83f6f4-d2be-4de7-aabb-12d0b39ade49.rna_seq.augmented_star_gene_counts.tsv,17123af6-1425-4125-9579-00c6800227c7,97b5017c-2066-4472-ab3f-31cfe64a6762,TCGA-EM-A3O8
e33e8e6b-7691-43cd-aac9-e0b7d4fd50c5.rna_seq.augmented_star_gene_counts.tsv,2d1871c3-4ad4-4af6-8e36-125a385cc899,97d0e1bb-1459-4124-b25a-48195f2ad8b5,TCGA-EL-A3T1
6950c2a9-15fb-48d7-8f51-98397f03a316.rna_seq.augmented_star_gene_counts.tsv,42250872-9cae-4d81-97ef-1a21ec1f977a,a09b20b5-c187-4632-b996-0d5314a9885c,TCGA-J8-A3YH
150c2cdc-5f38-4803-8055-a31bead658ed.rna_seq.augmented_star_gene_counts.tsv,c1cb3897-c384-41ec-9fea-051e7a612de9,9a19f08b-386a-40b1-b694-78e8556a6caa,TCGA-ET-A39R
1e45cf02-2c46-494e-93ec-35ef833afc72.rna_seq.augmented_star_gene_counts.tsv,3781742a-0468-41db-9d54-112ffb35ad92,9aa61ab5-f675-43dd-8a99-077164b41f30,TCGA-J8-A3YG
f438d738-e952-4843-856e-7c6296ba98ca.rna_seq.augmented_star_gene_counts.tsv,c8f72b88-2a45-47c3-ad3b-b49ec4366345,9b1dbd0d-be6d-4a88-881a-faf57ceba81c,TCGA-CE-A485
463a8538-ec3c-41f3-81c8-11ffebbf03a7.rna_seq.augmented_star_gene_counts.tsv,1d531770-f138-4cde-a7ca-d3df996fbb5c,a3765a2b-ff09-4dec-b990-65529345214e,TCGA-DJ-A3UX
3aea1b4d-5ffd-44ad-933c-718bc074a1b7.rna_seq.augmented_star_gene_counts.tsv,9d3dfa06-4c69-49a8-93c2-ee54aab7b2d8,a09d0be0-fd41-4b30-b488-9a9f2abef8e7,TCGA-EL-A3TB
803259ab-a0d5-4b4f-b96c-711ecc609ba8.rna_seq.augmented_star_gene_counts.tsv,8143b9c8-6ab2-48c4-88ab-a4aea81ad8fe,9f31deb9-b9f4-439b-aea4-f87c71406c79,TCGA-DJ-A2PS
4e5ff02d-ada9-4acc-8c94-c4661dd725d7.rna_seq.augmented_star_gene_counts.tsv,29d6f5e8-46cb-4efc-b230-f213f4b25a8c,a3b49c90-fa9f-4189-a442-64ec1ad97a01,TCGA-DJ-A3V8
6366a723-5f0c-4b18-b1c0-2096eb995756.rna_seq.augmented_star_gene_counts.tsv,44a2e59d-3084-49eb-9516-aac67072ff12,a65ec434-9ae0-453f-b440-08bf25558fd1,TCGA-EM-A2OW
0386037f-728c-47b0-93d0-6bb81b8b2a05.rna_seq.augmented_star_gene_counts.tsv,6d95b2ca-976f-4ea4-ab5b-8ce5e846a6ef,a6bdba04-f27d-4cef-bd82-872fb8390e46,TCGA-BJ-A3F0
fc853d38-8069-41b0-af9c-77925a3f8063.rna_seq.augmented_star_gene_counts.tsv,508e645c-dd4a-4c2b-93d8-864ec3a8080c,a253b21e-ba9b-4928-95d1-89b59c868794,TCGA-EL-A3ZS
9bf119b0-2095-46be-83a9-cab025cf0d49.rna_seq.augmented_star_gene_counts.tsv,b3cb1236-9b86-4552-bba1-2e8fd25f30b8,c8703a65-816b-4f6e-bb15-53dcb3288f66,TCGA-EM-A2CT
5675612c-ffd7-47e3-bd7f-f14ee253c672.rna_seq.augmented_star_gene_counts.tsv,5c2bec57-d1a5-4929-9cb8-eb3cb46f2ff5,c53167d4-14da-40cc-b30a-35eb3967b8df,TCGA-EM-A22J
6085b6d7-336f-4408-85ff-b0b4e7c1dd3d.rna_seq.augmented_star_gene_counts.tsv,9b3cc625-ce0d-4c2d-a240-6f8664af5485,c93c47f4-88f3-405a-85f4-ba9450b74522,TCGA-J8-A3YE
2a51bda3-fb5e-4eb6-bc86-e78dca8c4e2b.rna_seq.augmented_star_gene_counts.tsv,3dbb7586-0e8d-41ff-aa57-ab701b892784,c5d08be7-b94c-423a-aea8-bbc635787c63,TCGA-BJ-A45I
efbe9842-9837-4b26-9b40-3b836b70ef4d.rna_seq.augmented_star_gene_counts.tsv,88e25f76-1b1f-4afb-ab08-215d4f7f08b5,c7a2f394-3e3f-4c90-9f1e-f2be3e5b0d6b,TCGA-DJ-A13L
c7dfe787-2beb-4725-9651-109278502938.rna_seq.augmented_star_gene_counts.tsv,be3c0583-3b18-4ab5-a87f-9b95b8cdbbad,c9dc11ad-d3f5-4cdf-9c26-7139580b59af,TCGA-EM-A2P3
eeb17a33-205e-4c59-a63e-4173517e1df4.rna_seq.augmented_star_gene_counts.tsv,5282e6d0-1c77-4189-b17d-4a89847ac143,cbab7a72-11f7-4dfe-80f8-1b1ef1cf0055,TCGA-BJ-A2N7
f97f570f-5695-4973-8789-3af8d8afbcc0.rna_seq.augmented_star_gene_counts.tsv,c438f605-641a-4e89-937e-7f63c176f20c,ca95a11c-b54c-409e-b9a0-da850945033d,TCGA-DJ-A13P
da452821-87d9-4158-906d-9a9b9f3a0e4d.rna_seq.augmented_star_gene_counts.tsv,68d0c316-0488-4f3e-a8de-fd7539f37d10,d684399e-46c4-4bad-92e9-3de17c9f9a5f,TCGA-L6-A4EQ
1cb87082-02ce-43f7-82e1-a501501104b8.rna_seq.augmented_star_gene_counts.tsv,c2bcc24e-dae0-4577-9c62-c0da60c5cc2c,dd1058c5-da32-4f60-9275-5e1a8049d9c5,TCGA-IM-A3U3
545c47b0-6b0f-4048-ab07-0789d595fa94.rna_seq.augmented_star_gene_counts.tsv,aea3bb66-7279-4352-9cef-5459cbdfe183,d78012b6-24f9-48f5-9409-9845d0be2b3c,TCGA-DJ-A3UO
ba3bf0db-4018-426b-a2a6-401509c9459c.rna_seq.augmented_star_gene_counts.tsv,13b585a4-2072-49c1-87fa-ad55d5447b6e,dfe086e6-71a5-4131-9602-f20977bf7454,TCGA-ET-A39S
f5604506-d5b5-4dda-93de-64cc69ffc1f1.rna_seq.augmented_star_gene_counts.tsv,a5aa7e8e-7a17-4ae0-9bb4-26201e45f914,d84312e8-999d-49ad-b0aa-e48e87efc462,TCGA-ET-A3BT
a0331bcf-9878-4fbc-ae98-e4114d430c0f.rna_seq.augmented_star_gene_counts.tsv,5141d525-ef8b-4cdb-b69e-5292017bf190,dff3c4f1-9009-4111-9fc2-3834f8f7dbdd,TCGA-E8-A436
c5d45b7a-b989-4223-9091-c9608dd01a26.rna_seq.augmented_star_gene_counts.tsv,1fb352e1-4be2-4db6-b5aa-44361582117d,dd478399-d2ec-4ae4-a82a-b0258d24d088,TCGA-MK-A4N6
57d98aed-6dc9-4fbb-b7cf-f4be72b2fc8f.rna_seq.augmented_star_gene_counts.tsv,c51d483d-2610-43c7-9c06-dfcf4ddff9aa,dd981e11-4b49-447e-8ebc-d9db4b55ce9b,TCGA-EL-A3GP
092511fd-d7f2-4d79-9749-51358091c8af.rna_seq.augmented_star_gene_counts.tsv,0fc423cf-3426-4577-bf9d-80400217b500,e2475d48-628b-4095-b101-865d79a4b0ed,TCGA-EL-A3ZL
be3eb397-6d15-496d-8d5f-6a7453fdba52.rna_seq.augmented_star_gene_counts.tsv,8854ee68-24a7-4ff1-b411-50e9141404d9,de9315b3-b3df-45f0-adc2-69aa6b8ff717,TCGA-EM-A22K
25f3676b-ce2d-4e03-b266-7997bf65f428.rna_seq.augmented_star_gene_counts.tsv,175e3a6e-b748-4db8-982c-02abb8c23991,4e80f403-0e10-4725-854d-f023c12ee1e2,TCGA-EM-A1CU
02baceff-cbab-41cb-b801-be18ad6991b2.rna_seq.augmented_star_gene_counts.tsv,b5bc7ce7-649c-43a0-bdd1-d664c8a6ad24,4e80f403-0e10-4725-854d-f023c12ee1e2,TCGA-EM-A1CU
50081dec-2dca-4188-88a1-19118d1aa593.rna_seq.augmented_star_gene_counts.tsv,4727bb20-6cda-414e-a0d0-0db7eeb583dc,4bd61e82-5168-4222-a8c8-5124ab8fdd44,TCGA-KS-A41L
a0a5573b-5986-4a66-9d1d-3d4fa6f188f1.rna_seq.augmented_star_gene_counts.tsv,7c023a70-c233-4a12-b0b5-69cafdeca483,4be84ffe-4b12-4b71-90bb-9ea0ca6947f8,TCGA-E8-A433
feabad6d-2c34-4491-bfd3-afd36b1435fc.rna_seq.augmented_star_gene_counts.tsv,2491134e-0745-4877-bde0-ce919c4ce3f4,511b5f28-709b-4e43-9efd-b2f425bba962,TCGA-EM-A4FQ
92ab457d-b117-4c90-a415-b868c46f3bed.rna_seq.augmented_star_gene_counts.tsv,d0b96c1f-ffae-4503-9864-aade8173b4e7,5832c002-e5a4-45bc-b8f9-dbb841fd22f3,TCGA-J8-A3O0
4ecac2ee-44d0-4a76-b15b-a4e512502585.rna_seq.augmented_star_gene_counts.tsv,016536b0-a6c4-4b7c-81c5-9fca8315c94f,64131b0b-9f36-44be-8bec-92c71ec36343,TCGA-EL-A4KH
a063e408-4a0f-4804-b37e-88a86c852acc.rna_seq.augmented_star_gene_counts.tsv,e72ab00a-512f-40ca-84c6-861456a0976b,641ba101-135b-4395-9360-2058fabfed56,TCGA-EL-A3CL
311572b6-38d7-4048-92ec-2be5680b5e6e.rna_seq.augmented_star_gene_counts.tsv,0e538879-75be-4f5b-8ec1-a513546af04b,6435ea21-7214-40c5-9ccb-a1f22685a728,TCGA-EL-A3T3
5670cf93-6b45-4498-897e-dc0cefae97ff.rna_seq.augmented_star_gene_counts.tsv,8f6bc2db-4455-4e11-a18b-c98bb1f327bd,5cdaa0c8-27b8-4552-9dcd-20d67b1eb70f,TCGA-ET-A3DS
6864c59c-80bf-4a7e-984b-345160c9a391.rna_seq.augmented_star_gene_counts.tsv,b8876a0e-9937-41d5-b01e-273b038031d5,5dcbdfcf-8a4d-4da5-9049-f2b970fe8ca8,TCGA-DJ-A2PZ
cab762d9-97e5-4c62-b396-39cc6c100ba8.rna_seq.augmented_star_gene_counts.tsv,e7927134-7458-42ec-8669-34a201477e9e,6491d025-c061-4180-bfd4-d7c6e6e55f66,TCGA-EM-A3AN
710e7b7a-3da9-44a5-815a-97965c3eef6a.rna_seq.augmented_star_gene_counts.tsv,f1526b61-bc90-46be-bfbe-9279a247ef66,69f621c8-de77-48c7-8939-4c887da9e6d8,TCGA-DJ-A3UN
dfca362a-bcc2-460d-8919-7685e4861e20.rna_seq.augmented_star_gene_counts.tsv,84ba6854-4027-4301-ad03-95444ccc0ff7,7a9b57c9-6f80-4aea-bf9c-76407c8084be,TCGA-DJ-A2Q7
caee2cd6-7606-4def-8d39-fe3c3036ba24.rna_seq.augmented_star_gene_counts.tsv,c99f401e-8e9e-4302-8b5e-e6a699b43b6b,80420c04-709b-4ab2-a88c-1e22b3a09b9c,TCGA-EM-A2P0
3ca812fc-9a04-4584-8c2c-12dd06882e1f.rna_seq.augmented_star_gene_counts.tsv,16c0d6f8-cb7a-4fee-a9f8-1b507c4826c7,856893d6-0ed7-422b-ac19-1a5871088805,TCGA-EL-A3GX
1ff78fb6-b27a-4946-b39f-c87d6dfa669d.rna_seq.augmented_star_gene_counts.tsv,519c9e61-3b40-4266-b22d-480219ae6263,866ca8ad-adc9-45d4-ad92-9f8f1a161ddf,TCGA-BJ-A0ZH
681dc45c-bbd8-482e-8ac9-a02ae0e79409.rna_seq.augmented_star_gene_counts.tsv,dcbfdc62-310c-48e0-bb03-f32a657b210a,8a02f305-6fd8-4908-bc19-06babf028b5b,TCGA-ET-A3BX
a33e3c85-eb04-45be-b1c7-1d339fae8313.rna_seq.augmented_star_gene_counts.tsv,7a68c24f-b332-4746-b032-2a0322d02e9b,884ad3b9-5350-4580-85f6-80ac05a6dcea,TCGA-E3-A3E1
7bea25e2-ad18-4fe6-a71b-c83215decf0f.rna_seq.augmented_star_gene_counts.tsv,12c5149b-7fd8-4031-9d10-f8efc6247726,8877b479-b62a-4794-b71e-418de96dff23,TCGA-BJ-A0ZJ
eb0ecf36-8645-4094-8b31-7af513f3e470.rna_seq.augmented_star_gene_counts.tsv,e19479cc-ab66-4398-9733-ff15a9b52af1,8c5aef43-341e-4a37-84eb-fd730eb957c7,TCGA-DJ-A13U
4e552b97-9c56-442d-aa4a-56bdb0289413.rna_seq.augmented_star_gene_counts.tsv,d9296b9a-bdca-49b4-b458-40e0305822b2,8a3659a8-2a85-4bab-8bf3-55795922474c,TCGA-EM-A1YD
ffe2a9f5-b8ca-490f-b9b0-656738c3b586.rna_seq.augmented_star_gene_counts.tsv,ef9e7c11-fee1-41ef-98e0-cfc3ba97e403,89c72f0e-e724-4826-bb9c-d7524d1b1258,TCGA-DE-A4MA
e0e188ad-646b-49ca-aeb1-494d37a37f4b.rna_seq.augmented_star_gene_counts.tsv,8472944d-c0fa-4886-999a-5bec7312c367,8d54a2ed-03f1-4a23-bdd2-f3395f5d3716,TCGA-EL-A3H1
9fc1ac5b-1ab9-4496-8455-e11d4bb05e82.rna_seq.augmented_star_gene_counts.tsv,1fdbc7ad-2c2e-428d-b98d-7a532135eae9,8dd09d74-0be8-4c58-bf44-de4a2466d044,TCGA-EM-A4FR
b66f4862-e381-4a16-8122-13a18d3f8aa1.rna_seq.augmented_star_gene_counts.tsv,34f062f8-e5c5-4bb3-9778-d2cf440a4178,980d1c65-b675-4568-9ce8-c0278686ae8d,TCGA-E8-A2EA
461a2ba7-9154-470f-8294-033d12ec94d6.rna_seq.augmented_star_gene_counts.tsv,6434caa0-3816-472b-9a2a-6238c10131f7,989e9202-c08e-4bbf-85b3-1e278a475cb7,TCGA-EL-A3T8
66b54bdf-4a7d-4fc7-bbd6-35ba2b2eceb2.rna_seq.augmented_star_gene_counts.tsv,cfd4785f-1844-4274-8892-e2e558cb112a,934a58af-0ffc-487e-9e95-fa7643b7d5cb,TCGA-EL-A3CX
c7d51a42-e792-450a-b58f-ee691f1b9bf6.rna_seq.augmented_star_gene_counts.tsv,da426da6-bfe9-4718-8e99-b76d50ca5267,9b6acc25-447d-4144-b4c0-ef52b8850d96,TCGA-EM-A2P1
c41e2ed2-3134-43ce-953b-08663b927d5a.rna_seq.augmented_star_gene_counts.tsv,6b0283fd-2875-43ab-9fc0-860ed691c5a3,a253b21e-ba9b-4928-95d1-89b59c868794,TCGA-EL-A3ZS
1949b9a0-cad7-4b4a-8fb5-09d801e614f5.rna_seq.augmented_star_gene_counts.tsv,5e035459-b8ce-4de1-bef6-ba12d618a711,a3810f36-d2b4-4a45-ad08-a4dbfb9d27aa,TCGA-BJ-A0ZG
dff15475-5d89-4f60-bf3f-b7ca32bf0b43.rna_seq.augmented_star_gene_counts.tsv,828c21a3-2e9b-4c2e-b2b5-47ec3ad7c548,a1196d5f-8c7d-4d9d-9e46-c5c22a9c2fef,TCGA-BJ-A45C
0db75fc4-c5c5-43f7-a8bd-b06cccb6909c.rna_seq.augmented_star_gene_counts.tsv,2931c2f4-3095-4eda-be5f-76b6763a590c,a1227ffa-2733-4a43-ba82-834755453870,TCGA-CE-A13K
13b6384e-8738-4bbe-a45e-803e2678ae02.rna_seq.augmented_star_gene_counts.tsv,1c978cf4-7ec1-4769-843b-1f83449e5918,a175a9a5-ab86-4c68-9814-c30cfcc52662,TCGA-DJ-A2PX
5d52ddbe-1b2d-4d87-9ff8-c0a2f0af8448.rna_seq.augmented_star_gene_counts.tsv,a8b74a73-db40-4a71-a922-2a6943122f97,a7030d2b-2cc0-46be-9721-dc210954bee0,TCGA-DJ-A3VF
d912a341-4b7d-415c-bb65-d64c6544e48c.rna_seq.augmented_star_gene_counts.tsv,00759cb3-e0d6-47eb-948f-5ed3fc9f944f,a552e8ab-9dec-44ea-9f02-7ca704ee8467,TCGA-E8-A44K
ff101b50-3317-4296-a0bf-2316cb4b039a.rna_seq.augmented_star_gene_counts.tsv,a57ebf88-f20e-4ae7-83c6-810ef72b99ba,a86ac3b5-b5e9-4420-8de0-a358fcad85b6,TCGA-FE-A3PC
67bd1757-bb7f-43a9-b767-593f4174a253.rna_seq.augmented_star_gene_counts.tsv,e59deb12-6554-4a53-80ee-ebebe64e851c,a9d8f797-8a53-4be5-b957-0f1f6d080390,TCGA-BJ-A28T
127feffd-f1ec-4ea6-9132-b98937333a18.rna_seq.augmented_star_gene_counts.tsv,477b8dd7-f662-471a-962d-e4e06742ae71,ab0a98ae-98f1-425e-9418-550df6ac24cd,TCGA-DJ-A3UZ
f7d95721-9697-40d8-b1a2-1404b3f193ea.rna_seq.augmented_star_gene_counts.tsv,7e9d858a-10ed-4a90-b7da-b13958393555,b07435d4-1341-4b41-9b11-d13a4f1ca0ad,TCGA-DJ-A2QA
b1f91507-a383-4c9b-b88a-af88aa2fcba1.rna_seq.augmented_star_gene_counts.tsv,a6d66740-e560-42dc-9aac-4ad00649e361,b305b716-5ae5-421b-b3c9-0824d37b08a8,TCGA-DJ-A3VB
7ce28757-6dc2-459f-aaa8-cf41edb29403.rna_seq.augmented_star_gene_counts.tsv,889cd706-f713-482b-9c49-fe531d5dd4e1,b107b012-335a-4282-a7aa-273b740831f1,TCGA-EL-A3GR
e5f237fb-eb53-4bcc-b4e1-153a30f20d89.rna_seq.augmented_star_gene_counts.tsv,47be93cb-ca80-4c0c-8ad3-90d2a323c571,b1640709-8b2f-4cca-a2c0-55a1b4a1884b,TCGA-EL-A3T7
b9a9cf44-65fa-4379-9e6b-8e485e0e22e6.rna_seq.augmented_star_gene_counts.tsv,6f0967e7-b8ab-42d8-aabb-77d59c54eb74,b30f5b13-8cc9-48a0-93ea-3d49ce8a7d0d,TCGA-BJ-A28X
76641c44-a812-4c7e-84d7-e9ba8d09a4fa.rna_seq.augmented_star_gene_counts.tsv,d2f6cb89-6c39-4265-9164-679614214514,b78c953f-f1bb-4295-85f1-23c4000ce9d3,TCGA-DJ-A4V4
62af2f43-7bee-4a14-83fa-2c1e0d55dd93.rna_seq.augmented_star_gene_counts.tsv,ff555cad-2ab4-425b-83b5-c56ac20905a8,b46d88e9-8477-4900-8da9-5e7dbded0653,TCGA-ET-A3DV
9ea37b91-6c6d-403c-a5a6-56af27c87683.rna_seq.augmented_star_gene_counts.tsv,73d37bb3-e8d4-4347-9221-e79b0186d940,b7bafe7f-295c-4598-9cc8-49d785bd2218,TCGA-EM-A4FF
cd83494b-8644-4db6-8b05-ec642a6a8dca.rna_seq.augmented_star_gene_counts.tsv,d603ef6d-a51b-4210-af30-b2ff234a1a7a,b55375c3-9ef2-4d2f-9c29-224e746931c4,TCGA-BJ-A192
b186e3eb-beb3-4620-ac84-9bcca922d169.rna_seq.augmented_star_gene_counts.tsv,cdee4003-1526-465c-a028-270254f22141,b82e08e3-ae79-404a-a501-0d501df84b8b,TCGA-DJ-A3V0
41d0f0be-12d5-499f-8cbf-6f684927cbe6.rna_seq.augmented_star_gene_counts.tsv,bc4a51f7-cfa6-4a06-ac97-3de942b9909e,c63936dd-39fd-41fa-a9f6-18b18303ef05,TCGA-EM-A22N
04c7e26b-8546-47ca-b612-c05d7923cffc.rna_seq.augmented_star_gene_counts.tsv,7a455c8a-e7d5-4c52-be07-c75dc51c2eb6,c042a639-63c6-471b-a7c5-3fb4e12c4d12,TCGA-DJ-A3VG
0d846211-3f29-496e-b80b-7dd7629f9a18.rna_seq.augmented_star_gene_counts.tsv,26490a5f-6d48-4864-a1ab-7caa14924c73,c31b3adf-3fc6-4a72-83b0-bbc0f295b5e7,TCGA-DE-A0Y3
7e8060ed-50ad-4b37-b3fa-4a5d84912d57.rna_seq.augmented_star_gene_counts.tsv,433015bc-0391-4556-9cb3-7aa2b660acb2,c6f08366-f30d-45bd-b949-b59d2493995d,TCGA-FY-A3BL
00f54652-691e-4446-869a-4dd51c236f56.rna_seq.augmented_star_gene_counts.tsv,e84aa302-bced-477d-a3ff-d462a2530616,c53c4bfe-d9d2-4882-a46b-fa487d95b8ba,TCGA-DJ-A4UR
c6510895-2f60-48e3-9e57-f78391ac6fa7.rna_seq.augmented_star_gene_counts.tsv,75ef1cc4-96bc-4721-a271-fd699a3f8e04,cac8246a-a806-4945-898a-105cd88b2752,TCGA-DJ-A3VL
61d1ceab-abe5-4c5c-aaae-a3169e4d1b81.rna_seq.augmented_star_gene_counts.tsv,4f87793c-9697-46ac-80b5-079c7db1f12b,c951b786-7de3-4195-85b9-c4c19e95f546,TCGA-EL-A3CZ
107680ab-2433-422a-bd48-d55ee2401e7f.rna_seq.augmented_star_gene_counts.tsv,69b918b2-61b4-42a1-9f60-d9743936cb81,c9c00e4f-4092-400e-aebb-3d9961be0f0e,TCGA-EM-A3FJ
8cd9f7f9-bb00-4cb1-90ff-0bf4847c5ac0.rna_seq.augmented_star_gene_counts.tsv,9ce6d6b5-0457-4127-99c8-0a5632b8bee2,cfdd2155-57a9-499c-92e1-fb82b577b050,TCGA-EM-A3FL
ba7636e2-5c68-4aca-b482-0b925c0e77a9.rna_seq.augmented_star_gene_counts.tsv,95429e9c-6a48-4ed5-a4a1-44e0880d5cf4,c83fb5e6-8af3-47e4-ae48-cee92dff9db7,TCGA-ET-A3BS
bfa31cc5-0f77-4aa1-a27f-4e36b342d4e6.rna_seq.augmented_star_gene_counts.tsv,4c4f8d6d-77a1-42fd-8671-d2651136d5f6,d2a8035c-a8d3-4038-8a9d-854f2208bc45,TCGA-IM-A3ED
aa3b48f3-f4e9-4e2b-8c88-e42b62d3ae0f.rna_seq.augmented_star_gene_counts.tsv,3721b7dc-c503-4dc0-87be-f22a7e4a4900,cd0c33c3-4427-471d-979e-79dc43f3a018,TCGA-DE-A4MD
7f666388-d969-4111-a750-e9c5cf46f726.rna_seq.augmented_star_gene_counts.tsv,d717118d-ebf2-4c3a-9f42-63ba021612c8,d2cc4d31-38fa-4232-895e-767260f607e9,TCGA-FY-A3YR
382ec263-3442-46d2-8ce7-112ec75d94d8.rna_seq.augmented_star_gene_counts.tsv,711566ef-6200-4bc2-8c5b-ec74ed14b91d,cd73c807-a74e-46a8-9855-92de33da9b0d,TCGA-ET-A39L
8a69e7a8-1d66-4610-ba63-8702b5a02f9f.rna_seq.augmented_star_gene_counts.tsv,840ab30a-7bd1-4b9c-b098-86a8117182bd,d92902ff-8023-411c-a7ca-1afcbb64937e,TCGA-FY-A3R9
09aead42-40f1-49d8-9ce7-01d799a94d4f.rna_seq.augmented_star_gene_counts.tsv,08919a76-5d54-46f7-84ac-9f04838ea0ed,da201150-748e-4b74-bb35-10c995e26079,TCGA-DJ-A1QD
6d1ce9f6-f40c-4b89-a3bf-05192b75b0fe.rna_seq.augmented_star_gene_counts.tsv,4996ab99-52ad-42b7-9f5f-aa2ac978cab8,dec7a0a2-c26e-4a89-a4d5-74bd1409ff91,TCGA-CE-A3ME
28ecaa28-d2dc-4988-a484-544d4ad7355d.rna_seq.augmented_star_gene_counts.tsv,aa9d8e32-4e9d-409f-81b0-9c6e2b6af130,dd305533-e48c-4fed-9283-5082703c23ff,TCGA-BJ-A45F
7cb7398f-059d-42b8-84fc-03fcc018c40c.rna_seq.augmented_star_gene_counts.tsv,3b64c3a6-42e7-434d-9ace-221f68e831f2,d8d54c81-7ef5-4b0f-b35b-28fbf8c5198e,TCGA-EM-A3AJ
35289859-058f-47f9-b2ad-b307bb2b73d0.rna_seq.augmented_star_gene_counts.tsv,c578fb16-0105-4e86-b582-440dfee16791,e071c940-60fa-4c73-bb65-1ad670021854,TCGA-DJ-A3VE
b5d02ec7-23c3-4fda-a950-9ae53639758c.rna_seq.augmented_star_gene_counts.tsv,7f385a18-a567-4386-99b8-4f54f13d325e,e61fb24b-613a-4b6d-bb2b-00ccedbd3dbc,TCGA-H2-A26U
b54f33a6-65c1-456a-bc86-018a6ac926a7.rna_seq.augmented_star_gene_counts.tsv,1826da69-3d45-4607-820b-47fb71d60812,e0ab95ef-5c96-4d00-8950-04e26e3b4672,TCGA-EM-A4FO
adea420b-9bca-49e9-aa05-92d3c5a0d6f4.rna_seq.augmented_star_gene_counts.tsv,d57a412e-f560-4f06-92d8-06e6f66ebb2a,e62adac4-803a-4d94-9ae0-7b1a49041799,TCGA-DJ-A3VJ
57e61ec8-c47f-4269-a777-a53d179db658.rna_seq.augmented_star_gene_counts.tsv,02438862-cd89-48db-a2d0-1f07678d5673,e4b08e66-0772-4956-8670-e5c6553eecbe,TCGA-DJ-A1QL
5195c782-0fbe-4f86-afbd-5bde1736a52a.rna_seq.augmented_star_gene_counts.tsv,b3698d91-98dd-4336-a83d-206641a4037d,e92bdb0d-969a-4d98-ada8-5dfec68119b5,TCGA-EM-A1CS
39cfc9e0-0d0b-4b30-829d-0aa34b91e910.rna_seq.augmented_star_gene_counts.tsv,eab55e05-a92f-471a-88d4-7663d70d940b,6a63961e-6ca4-45fa-93ee-65f7c392fcf0,TCGA-EL-A4JX
2a6d8871-70a9-4d56-94ef-be1c6af82438.rna_seq.augmented_star_gene_counts.tsv,aa9f2d19-a6b8-4d4c-8868-c6c5e1fd0e75,63e8c48e-f01b-4a7f-87e2-30607a2c8f6c,TCGA-E3-A3E3
bb9e256f-7915-46fb-8bab-1da1eabb41ae.rna_seq.augmented_star_gene_counts.tsv,9434a419-0eeb-4952-a60c-a8afe98a0347,6ad260ad-769a-4f3c-bd07-927adf6b2338,TCGA-DE-A0Y2
4b7fc1af-d479-43c2-b39a-a262f92ae0fd.rna_seq.augmented_star_gene_counts.tsv,efa4eabe-882d-48fc-b422-0d612ff64a12,6b529fb3-0b1b-4d3b-9309-bfcb063dbb71,TCGA-FY-A4B0
d7955d34-c169-48a4-b71d-24ad445337e0.rna_seq.augmented_star_gene_counts.tsv,97fdc46a-5542-4d28-abdb-cc595f0d4c8c,729fc937-192a-4eb7-b357-b8f0d2da1f08,TCGA-BJ-A2N8
1303dadd-03b2-417c-af88-d4def22fce43.rna_seq.augmented_star_gene_counts.tsv,899e71cc-c363-4842-a4c7-b3e13cfd0f70,6f77fc81-1bf4-47c8-b1d8-78bb17cb13f8,TCGA-EL-A4JV
a363a517-1870-4867-a931-d2750a3652b8.rna_seq.augmented_star_gene_counts.tsv,cc9504fb-b4a6-41af-962f-f3d69653d101,729fc937-192a-4eb7-b357-b8f0d2da1f08,TCGA-BJ-A2N8
d64029bb-506c-46e5-bd8d-47373a6d2149.rna_seq.augmented_star_gene_counts.tsv,aa1a23a0-37ac-4d94-924d-40c4b341a16c,7555e736-a9e2-4b96-a633-fb0f7224d62c,TCGA-EM-A2CS
d19fb6cc-69c5-43fa-866f-28244a2864c2.rna_seq.augmented_star_gene_counts.tsv,631e7034-363e-4334-b448-217fb137009e,744df1f5-a7d5-4675-92ce-6e4713f0d541,TCGA-FY-A40M
1b1b7fe1-ed85-402d-b309-4dc53f790ade.rna_seq.augmented_star_gene_counts.tsv,05d7b56b-e588-42f8-8bd4-4b966e7258d1,75a93f0e-cd41-43c6-a303-ff37e31395e9,TCGA-CE-A27D
7091c2c6-682c-4c5e-810e-fa254b3a20bc.rna_seq.augmented_star_gene_counts.tsv,9efc9346-8524-4935-ae3f-a953d7e58e3f,754866ea-d5ca-451a-98e4-6e0c430d3652,TCGA-KS-A41I
7fff8b0c-7cb4-493d-a740-1e455fc5efef.rna_seq.augmented_star_gene_counts.tsv,66ebce67-41f3-41ce-aca4-ad4068159a1c,754866ea-d5ca-451a-98e4-6e0c430d3652,TCGA-KS-A41I
780fac28-349b-4415-84df-e64944d0cc00.rna_seq.augmented_star_gene_counts.tsv,db49acfb-d0a7-4957-82f8-038a1dc5ea9a,7851512b-5f44-43de-8b27-99b5e91a8119,TCGA-DJ-A4UL
d3dc8458-9b94-4f88-9207-c10ca2ec3924.rna_seq.augmented_star_gene_counts.tsv,0f291a80-e139-4876-b91f-a91ce3066580,7b46ee87-e976-41bf-bdf1-9bff58f8314e,TCGA-DJ-A3V2
6d50aa9f-01d3-47a2-a605-22b965816e79.rna_seq.augmented_star_gene_counts.tsv,f60d7fbe-225a-48f6-879d-7f342dcf3057,7b49f263-fa0d-4f1b-9c00-1ff7a8c9ac79,TCGA-ET-A40P
56f1f6b5-0b2f-4c12-b1e7-d48dae13715e.rna_seq.augmented_star_gene_counts.tsv,8f8436ef-f424-4f3e-be6f-bef621ac445b,7cec93da-42c9-495d-8110-9fb43763041b,TCGA-FK-A4UB
66aeced8-62e0-4bd8-825c-e57418371806.rna_seq.augmented_star_gene_counts.tsv,eec1dd96-abdb-4198-a4a1-24f112c24b71,7a45cbc2-9fbe-49f9-9d70-f8dc82829769,TCGA-ET-A39T
967270b5-196d-49dd-ab59-df8507bd40b8.rna_seq.augmented_star_gene_counts.tsv,90f81e56-e1db-4c5d-9a59-02b765362cd3,8023d4c9-b56d-417a-9a52-d45b59c756ed,TCGA-ET-A25M
a0ffeb2a-fcb8-494b-8fc0-4c4de8e4e140.rna_seq.augmented_star_gene_counts.tsv,1536079a-dbfd-48c2-8e9f-4069f9c30ceb,7deedeba-f05b-453c-9df1-eeb20b0ec72e,TCGA-GE-A2C6
193da121-43e7-40ab-8e0e-980c62586568.rna_seq.augmented_star_gene_counts.tsv,389d9804-ea66-4e27-8808-295a9eb16697,8392edea-82b3-4610-87a0-f545f673e922,TCGA-IM-A3U2
f5c71b68-bbb1-4398-ad39-68689b391946.rna_seq.augmented_star_gene_counts.tsv,2e4e9b2d-605f-4ce2-ab37-ba8774cbda25,89f4a6a5-bf9b-4a0e-bacf-8cd715c2ca93,TCGA-EL-A4K9
ee25a8d3-1fb9-43c2-a369-2845249ac289.rna_seq.augmented_star_gene_counts.tsv,2d914586-8139-4f9c-be79-99722e36b46a,86657a3c-10cf-48b7-9fda-f2df5e2afad5,TCGA-DE-A4M9
e40f6862-a348-49e0-961a-9efe6be79368.rna_seq.augmented_star_gene_counts.tsv,3f6778e5-26ed-41bb-ac86-4aaac7ab07a6,8ed1b900-a8a8-4164-b96b-f060f15d7075,TCGA-H2-A422
772e2e31-3584-4fb6-8569-358f5ef1482d.rna_seq.augmented_star_gene_counts.tsv,135752cc-f7bc-4a55-9e4a-28a4b12a9699,8a476795-0e05-4da6-bbe1-ff7304da1b39,TCGA-EL-A3T2
04bbfd91-0b04-4659-a32b-ee3afbc1f30e.rna_seq.augmented_star_gene_counts.tsv,9100edac-3939-4318-993e-276e0f6ce00d,8a476795-0e05-4da6-bbe1-ff7304da1b39,TCGA-EL-A3T2
97e0294b-ea61-4833-b121-10426c6fb0f9.rna_seq.augmented_star_gene_counts.tsv,011a74c8-2c14-4481-b608-412979ca3f51,90507baa-b716-4bcf-a18e-9d8ae97d809a,TCGA-EL-A3T6
0b4c2af6-cc91-4591-bb97-100a9c09c1c5.rna_seq.augmented_star_gene_counts.tsv,37f1cc69-2cf8-46ae-a052-ea82acab9bef,94443df0-7f16-4178-9e66-bee82f6ca33a,TCGA-DJ-A3VK
6bde9a9f-c4f1-458c-994f-1e1924a58b66.rna_seq.augmented_star_gene_counts.tsv,521d8ee8-5906-42e6-8455-2362b884662f,95dcd0a2-2fcd-4952-9022-d8143ba61fac,TCGA-EM-A3SY
3c94c190-6c28-44ee-ad67-5e5344badd35.rna_seq.augmented_star_gene_counts.tsv,b6f2e7d7-cc9c-409b-b4eb-4659c81c721c,96b95a2c-fb4f-4cba-89e7-a7f0e90db146,TCGA-EL-A3ZR
a3f470e6-be84-49c5-befe-85e3a7466760.rna_seq.augmented_star_gene_counts.tsv,965fece0-a9d5-4165-9904-82f46ab8da01,96b95a2c-fb4f-4cba-89e7-a7f0e90db146,TCGA-EL-A3ZR
6708cd4a-db8d-4fc4-8c7a-762e3408e435.rna_seq.augmented_star_gene_counts.tsv,eb3a7004-78fd-466a-a7c4-acb85bf5cc37,9348c35a-58ba-4db5-bc4a-e9fc8e07cdf3,TCGA-IM-A41Z
fd2f3554-eb54-4ce2-a588-a17438c4ba18.rna_seq.augmented_star_gene_counts.tsv,46b47792-13ed-49c3-9456-c22d0b920c34,97384352-0e80-42c2-8a8b-7bdbda2b58ee,TCGA-DJ-A4UW
50702629-b20f-44d8-a6c3-5f3484594a26.rna_seq.augmented_star_gene_counts.tsv,63136b4d-1b36-4c2a-9a63-2eeaeb830ced,93691bae-f1bd-437e-ae72-b50736d1e29a,TCGA-E8-A417
5cd5bbda-d09d-4974-9f4b-20eb1b9fb5e6.rna_seq.augmented_star_gene_counts.tsv,ff3a57b6-ea37-4002-92a6-20e33abf98e1,97d0e1bb-1459-4124-b25a-48195f2ad8b5,TCGA-EL-A3T1
45c05604-c12c-405d-a5f1-73f2158f7485.rna_seq.augmented_star_gene_counts.tsv,6f7983d3-c7cc-4696-a53a-747080b79178,9b6acc25-447d-4144-b4c0-ef52b8850d96,TCGA-EM-A2P1
1a326493-3256-44bb-8a01-25f9ccdea8bd.rna_seq.augmented_star_gene_counts.tsv,783abefe-0a71-4680-a09b-8152226d909e,9c6c44b3-a2ca-456e-a8d1-d375309c1751,TCGA-L6-A4EP
7b8f4e4e-6292-45f4-819d-cec048fc8fae.rna_seq.augmented_star_gene_counts.tsv,ac6623d5-a616-4ae9-87b9-3f3a5c00abdf,a2e2fac3-cca5-4e33-aa6c-1d9d3ac3aeec,TCGA-E8-A419
f9796a1c-0e26-40d7-bcde-eb24c2d0f932.rna_seq.augmented_star_gene_counts.tsv,1094851a-de93-4efd-9483-83a36189a0bc,9efd27c7-9893-49fd-886e-e85057dd5d2e,TCGA-DE-A69J
2aae4437-f306-442d-a71d-5c3fceb6a7a7.rna_seq.augmented_star_gene_counts.tsv,955f7278-0d9c-4a27-8ca2-f05714e4bf48,a00da907-e527-45f9-9afb-2fad2c7b0940,TCGA-DJ-A2Q2
94e9ef84-d35d-44dc-b57a-e1012bf63c6b.rna_seq.augmented_star_gene_counts.tsv,58275e37-85f2-471c-8afe-fb426f7ce8c1,a5406575-c840-475a-ab1b-e1a159413fbd,TCGA-CE-A482
d98fdc34-a8bc-4265-8934-bd3bc27b7113.rna_seq.augmented_star_gene_counts.tsv,31a1cf5c-f1ba-400f-8722-081c9cf7f013,a6d37f61-beca-46ea-a59a-62257475ac77,TCGA-BJ-A28W
8ffb61df-be5e-4e55-9af1-3b5f8f5aece9.rna_seq.augmented_star_gene_counts.tsv,d4c152fe-3931-47d0-8ed2-df40c8cd4cd0,ab8c9101-adeb-4c43-a8bb-b089ebd711f6,TCGA-BJ-A0ZE
76b9be68-d106-4893-b3e2-7d49e51c0355.rna_seq.augmented_star_gene_counts.tsv,842a5261-5e7f-4ad7-a426-0ce48e937919,afb00cd4-e5da-4251-86fb-532c3f65324c,TCGA-FK-A3SE
ac5de162-a601-4789-9027-da7e3501e42b.rna_seq.augmented_star_gene_counts.tsv,e6d254f4-3c38-4faa-8cc3-253b87bd643a,acb3b9db-16e9-40f5-87a9-9df9d4ceee54,TCGA-BJ-A18Y
de06c0f7-7e54-46ad-b074-c8dca0e9eeac.rna_seq.augmented_star_gene_counts.tsv,4bdf2f0f-68b6-494f-95ec-659f5a2ab85c,acb80b76-2394-4250-8687-60e40e16e83b,TCGA-DJ-A4UT
3f1a311d-a96a-4220-bf42-a70af347be10.rna_seq.augmented_star_gene_counts.tsv,995d2980-f6c2-4336-8f7f-4e2e4e387cf7,b0cb6ed7-3d9f-4d5e-8df5-edcc921c43b4,TCGA-FY-A2QD
845e5692-3081-45a9-bc81-6eaa5e77f656.rna_seq.augmented_star_gene_counts.tsv,e40f49f2-c949-4260-ae96-5913ab2fb0a9,b3b7d701-ec84-4018-a3ce-f59198b35767,TCGA-FY-A3NN
83a34f63-1b7b-4d96-bfbb-07efa69f4ff5.rna_seq.augmented_star_gene_counts.tsv,7c03a305-f07b-4bbc-937f-8ec0dfdb2731,b43a4f92-7a13-4558-a97e-7b3feb2d70c9,TCGA-EM-A1YB
8d32c29e-3e16-4a54-b23e-3ac53caab247.rna_seq.augmented_star_gene_counts.tsv,c068f36c-8de2-4986-b296-c13c2ac613f4,b597023c-ff84-44cc-bfcc-8bee64ca4cff,TCGA-DJ-A2QB
7a88c8bd-4abd-40cf-a0fb-99eb78d5c914.rna_seq.augmented_star_gene_counts.tsv,a44ef83c-ef8e-4b10-bba2-86111df19873,b4a60a32-2c1b-44fb-92f4-b30f985dc424,TCGA-EL-A4KD
499ecd0c-d5fa-4616-b2b2-b2b025cbce57.rna_seq.augmented_star_gene_counts.tsv,d217afe9-268f-4b7b-9e93-a31e3b4221c1,b7a01148-5bab-4268-986a-a9cf7bca967f,TCGA-DO-A1K0
6159c8b0-0177-4e8b-9633-11f15063afa6.rna_seq.augmented_star_gene_counts.tsv,640a5950-2e39-4c64-808c-b40f71decc62,bcd63672-8a22-4a30-9045-a43def5b4d6f,TCGA-EL-A3D1
ba0ff642-1f54-4bc7-9656-9d7486aef01d.rna_seq.augmented_star_gene_counts.tsv,bf8240f0-9780-49b9-90fd-dd008629ecea,b983a678-b0ae-42c2-8f37-d6ecaf07413b,TCGA-FY-A3R7
12ec79c9-cff1-4bfd-99dc-b47be6f21867.rna_seq.augmented_star_gene_counts.tsv,f4be1314-d307-4146-9e49-05c368489b86,befa0ef5-d621-4866-904d-13341ea54aa1,TCGA-BJ-A3EZ
cadcc929-08af-4402-b158-f7108e7ba3b8.rna_seq.augmented_star_gene_counts.tsv,f4b77689-800d-4a80-beee-afc74877a4ec,bf193c4f-fbac-41bc-b1af-19b6ce856f0f,TCGA-H2-A3RI
0b9c072e-523c-4b05-9118-1359d4c09052.rna_seq.augmented_star_gene_counts.tsv,70039c47-db43-4df9-ae1f-1ef7d9b7edec,bf193c4f-fbac-41bc-b1af-19b6ce856f0f,TCGA-H2-A3RI
d082d97b-68d7-46bf-a59b-01cf4e63dba7.rna_seq.augmented_star_gene_counts.tsv,5199a3b8-6c4d-485f-963e-7131eb539cc6,c5fd200b-ce02-4d7d-a240-78f147e483be,TCGA-DJ-A3UR
7a35ca41-03bc-485b-8dfa-9a174ada6b24.rna_seq.augmented_star_gene_counts.tsv,4bcf4c7b-dd71-45dd-9bb3-21a65b4d65ac,c047e741-2b29-45df-a577-351bddc50eb8,TCGA-ET-A3DU
a62b71b5-6398-4042-8cad-8911b90d5e96.rna_seq.augmented_star_gene_counts.tsv,1e9c7167-da62-4ba3-960d-240c8445bb76,c35e4390-2809-4d88-86f3-208de05b338a,TCGA-QD-A8IV
d454274d-bcc8-4022-8373-981ad85ee92a.rna_seq.augmented_star_gene_counts.tsv,e2d953b8-350f-4d87-9ba6-2aefec4f1803,c8d62754-1601-40c0-98ef-e5bb94306b92,TCGA-ET-A40S
6bd42135-2bed-455f-8b1c-8a51078bbb10.rna_seq.augmented_star_gene_counts.tsv,6a279cfe-e09e-4508-95aa-1f2f51a82bf8,cb29e795-7618-4882-a7e0-69d39787b80c,TCGA-DJ-A1QG
8440d13e-4918-4189-99a5-4d334779943e.rna_seq.augmented_star_gene_counts.tsv,f39fc113-7955-4dc6-989b-17614c53ea20,ca625067-1c6d-45c7-b752-af40c8327ea5,TCGA-EM-A4G1
eb356a63-0194-4be7-850e-56c081c92272.rna_seq.augmented_star_gene_counts.tsv,6b4ceb7e-f81c-44f2-a0d5-ae92f79c1378,d2512fd6-9042-4a62-8b49-d483cb84b89d,TCGA-ET-A39O
0a8300d8-66dc-4f00-86fa-fb582ffc8284.rna_seq.augmented_star_gene_counts.tsv,92e44af9-1df7-4346-9fd1-23ed1b7df109,d579370b-8aa7-4472-9e28-43c761be3eda,TCGA-DJ-A3UM
d3540b52-90b0-4743-9e54-453e0b738e57.rna_seq.augmented_star_gene_counts.tsv,3f73b2d7-1c70-4a7d-a742-e3f6e9b77ccc,d5ea6520-e446-43d2-9883-441f70d80359,TCGA-E8-A413
f8b19c60-3161-410a-bfbd-29cd5cf64054.rna_seq.augmented_star_gene_counts.tsv,ce84d560-9f99-4afe-9e54-d9b1f53c591e,d60f6620-575d-47fe-83e8-80a6ad838bed,TCGA-DJ-A2PO
b93a19a4-159d-4334-a152-cc38bae48381.rna_seq.augmented_star_gene_counts.tsv,7168b8b4-be72-48aa-942c-0e72ca68926c,d487536f-0521-4d42-9150-6a806ae00241,TCGA-DJ-A2PW
eaeaf841-34f6-4bd8-bd7a-c653ffc73fd7.rna_seq.augmented_star_gene_counts.tsv,70682749-62b2-4516-8e22-4b0b0aac8984,dccba97d-4e81-42fb-93b3-90be68a034fb,TCGA-DJ-A1QE
92e4a543-e283-4a47-8987-e49d78aaf940.rna_seq.augmented_star_gene_counts.tsv,e0da883a-782b-4dd1-944f-b0b79ae11fa8,dc2bece1-1fcd-467a-8476-da171d56488c,TCGA-EM-A2CJ
e79586ff-f611-4116-b346-7c3fcd421920.rna_seq.augmented_star_gene_counts.tsv,9bea59ee-e522-41c7-ba60-4cb0cb6b266a,dc392a57-2028-4eca-8bf3-760ec99703ee,TCGA-EL-A4K7
0d302f47-9701-4250-a15d-40cb20e4263b.rna_seq.augmented_star_gene_counts.tsv,2a2472eb-3407-495a-b7c0-d4a73c99e669,dc4d8468-6f34-40cb-a826-8d582cd86fde,TCGA-BJ-A0ZB
c9c46e93-1cc0-48dc-8db7-47c658eb8616.rna_seq.augmented_star_gene_counts.tsv,594a61ec-d2f1-4bc3-a16f-6f33cb1012c5,e9ccf355-e68a-489c-a914-31b766bd0aef,TCGA-EL-A3D5
7b97df69-0e5f-4fb2-ab3c-dcbbb9b34b34.rna_seq.augmented_star_gene_counts.tsv,393dec41-bd0a-40fd-836d-57f5090ac82a,430ad51d-f68c-40b2-bfa2-9da68370b7fa,TCGA-J8-A3NZ
ce51cae8-6dc8-42c4-adba-5751f878a12e.rna_seq.augmented_star_gene_counts.tsv,4fe8f85b-b46a-4e29-b152-8f46cfbd09ae,e1ff7694-64e1-47ed-b0d8-34acfb4ffef1,TCGA-L6-A4ET
bb0ac81a-5149-4492-849e-e55be1b7bcf7.rna_seq.augmented_star_gene_counts.tsv,a0fee8d8-7db3-447e-a3d4-019f8cba4631,3cd2d4bd-8256-42fa-8272-db379d598007,TCGA-BJ-A290
1ecac0c3-5591-4341-ab73-582cc2f0e7b8.rna_seq.augmented_star_gene_counts.tsv,a38ddef7-d9a7-47b2-9567-a7fdc77f2180,77200abe-4a09-4a4a-bb45-60d9b96d4998,TCGA-EL-A3H2
abfb91c5-3ab6-4320-bb99-6636dfb36316.rna_seq.augmented_star_gene_counts.tsv,5f0eabb7-87f9-4b18-b5d2-cc5ad4ddc3af,77200abe-4a09-4a4a-bb45-60d9b96d4998,TCGA-EL-A3H2
3c7487e9-89ec-443f-b7ca-3ee4c504c9d8.rna_seq.augmented_star_gene_counts.tsv,0bf79d69-9960-4881-a7a7-2eabe048f81f,00a02e62-e1ab-467a-91b3-5f526dd2251a,TCGA-EL-A3N3
5fbd8fed-fbde-41e3-a6f4-6dbc0a987dd7.rna_seq.augmented_star_gene_counts.tsv,6e1468f5-a1f6-4d15-a355-39069bdf9067,00b62df6-1189-4e38-8601-70416e05550d,TCGA-FY-A4B3
e16914b9-5c76-4850-a381-563daf8a776a.rna_seq.augmented_star_gene_counts.tsv,3dd39419-c444-4d9a-b238-d3a935cdda1e,0314b145-2f3a-4a90-a580-375b5f0a63a4,TCGA-H2-A3RH
e5accb40-8608-4dbb-9d7b-601573a0306c.rna_seq.augmented_star_gene_counts.tsv,f88af011-238b-465b-b83c-f4c4ce1fa296,029da211-9b52-45ad-b0dc-2322da783c9c,TCGA-FY-A3NP
af6bc501-ab5d-4635-8ef2-b9fdbe1e6585.rna_seq.augmented_star_gene_counts.tsv,cf7be099-a25c-4258-ab16-740ece414172,05a8268a-6b33-429b-8638-8c9bb366ef28,TCGA-FE-A3PB
8f9cf5c4-1129-401e-884b-49ec98c10e2e.rna_seq.augmented_star_gene_counts.tsv,4d2831b9-a52b-48a7-8541-7e23917a3b2f,04ae6b65-8514-47fa-b573-ec1e067ff116,TCGA-EM-A2CO
91e0e4aa-dcfc-41da-8744-33ed02adc704.rna_seq.augmented_star_gene_counts.tsv,df2975ac-92dc-4a93-8f9c-965e6d4e2cf3,04dc8ee3-ec93-4b56-a546-f96746f8122f,TCGA-EL-A3ZM
46ea3c2f-e0b9-4e94-aade-139191ee49f4.rna_seq.augmented_star_gene_counts.tsv,8f581126-cf99-41bb-84ce-c9533f2db53a,08293bf4-727d-45c2-abbf-1aec3ba1c8a4,TCGA-EL-A4K0
9d086aed-1b53-4120-8116-8234d6bd26e1.rna_seq.augmented_star_gene_counts.tsv,14f1d95e-473a-4b72-9ba2-8a1e3e3a0d5e,1005ccb2-10ef-4e37-950e-ad72393db03c,TCGA-ET-A25I
950ab1ad-f125-49c6-b8fc-4cb3cd9730f2.rna_seq.augmented_star_gene_counts.tsv,21d475d7-7f65-4961-8244-e43822cf6954,1a4164d9-4484-452d-9382-8cbf896a870e,TCGA-EM-A22P
658f9997-36aa-49f6-8464-589bb14955cc.rna_seq.augmented_star_gene_counts.tsv,39eb1ae5-70cd-4b7b-94a9-7b070a34f107,1bacebf3-609e-4bb7-bb93-eb217b3a1b5c,TCGA-EL-A4KI
b93b89fe-7c69-4a54-b61f-e3ac26af38bc.rna_seq.augmented_star_gene_counts.tsv,90e7f816-ead8-413d-a5c4-3bb5b3c48461,63b01b43-a68a-4046-89b0-736ba4d08504,TCGA-FK-A3SD
1eb99a90-05a4-4b91-b52d-ee7dcc90b851.rna_seq.augmented_star_gene_counts.tsv,f94fcd81-0c2b-4221-844b-9eafdadbbd6b,1da4ab7d-4353-4565-a522-d2fecadd4a85,TCGA-E8-A437
3f10398b-5337-430a-b234-947efa28b00b.rna_seq.augmented_star_gene_counts.tsv,ec025dfd-0c20-478f-babb-51c16aab8cf2,1f094db9-f8cc-4066-adff-609682936172,TCGA-DJ-A2QC
29c745b2-1b21-45c3-8c42-5e943ed40bc8.rna_seq.augmented_star_gene_counts.tsv,9b900191-bbf3-4c2a-9901-1f28c6db0f65,1e63d4b3-1b49-4bb9-b64f-001273aae120,TCGA-BJ-A2N9
7a341b47-f3e6-4539-9043-daccc72397a9.rna_seq.augmented_star_gene_counts.tsv,04821584-22a4-4717-98f4-328d953719ef,3e9fda23-676d-4e78-8948-0c9df3d10064,TCGA-DE-A0XZ
659ea304-c082-4f73-8b03-baf09afb12d0.rna_seq.augmented_star_gene_counts.tsv,4a51b469-602e-4c5d-8f24-ce26eddde2b5,1f6be7ca-76fd-4509-99a6-dfa59b0ac51f,TCGA-EM-A2OZ
98a09380-3517-4581-8b9e-618451a8d1f6.rna_seq.augmented_star_gene_counts.tsv,e4bfdd2a-a9f4-4a3a-82a9-c6ad1002f256,286c69b0-75ba-48d6-a26b-26077f101bbb,TCGA-EL-A3ZG
ac0dda87-0e1e-42ff-a6f3-af694e01803b.rna_seq.augmented_star_gene_counts.tsv,027cfca3-05e7-47d9-b95c-b9c27dd6fa73,290be61a-84ef-4bed-8e37-b432cba6c88e,TCGA-EM-A1CT
60b25eb9-b7ef-4cc7-b7c3-c06712a087cb.rna_seq.augmented_star_gene_counts.tsv,7f6a2c0a-3627-43b0-91f6-9de66c3b1003,2ae6a00c-bc6e-42fe-a0cb-40339d5fdc73,TCGA-J8-A4HY
23b647bf-6c45-4baf-985f-b239075a59b1.rna_seq.augmented_star_gene_counts.tsv,912946d6-1149-4dac-a01f-36793f9ab0c9,290be61a-84ef-4bed-8e37-b432cba6c88e,TCGA-EM-A1CT
39bc97f9-3b4c-454b-85d7-a7ef8cc4fbce.rna_seq.augmented_star_gene_counts.tsv,47039a8f-de54-4ff9-84e2-6c1cdcd97dc0,2f59f12d-ca0c-4ac6-9718-98a6d455af46,TCGA-EM-A2CP
c278f0a8-a1c1-4fb0-a7bd-82e4487fae7f.rna_seq.augmented_star_gene_counts.tsv,cdecdced-115e-4775-be8a-614fd1a3414f,2a398af1-aea5-4aae-ab00-a2dc152f965a,TCGA-EM-A3O3
992aa8fe-1a1e-43d9-8603-12ec9f8d4980.rna_seq.augmented_star_gene_counts.tsv,301b8477-c941-47d1-bfa9-01a11334ddcc,2cb43652-109b-4b59-9fcd-512903591f45,TCGA-ET-A3BW
f0bcdbaf-72c1-43b5-a6cb-2a1c39ebb063.rna_seq.augmented_star_gene_counts.tsv,7ddfe620-b0a4-4b06-8568-1e6e03ba3f76,2f9ed09d-2626-4c23-ba47-1850d36f812a,TCGA-ET-A25K
a46d8914-d6da-4abb-be86-aa2ad553d134.rna_seq.augmented_star_gene_counts.tsv,22cf19a1-e3a8-4c26-aa7f-76690c0c56f3,2acb6f29-06d3-48d4-8553-a9f5839afe22,TCGA-EM-A2CM
c3dac43b-7d7e-4f20-a50e-13660bcc3dce.rna_seq.augmented_star_gene_counts.tsv,9f7b5c34-9a3c-4a6f-a8f2-65da0e6de5b9,2fa2dd09-593a-4cde-97c7-61cdb8ba2bfe,TCGA-EL-A3GZ
17d7a5b4-345f-48ec-9dda-0ff870e7698b.rna_seq.augmented_star_gene_counts.tsv,ef731ced-012b-4304-9cd4-3170cac294ad,34d4cc10-b868-4e85-96a5-8680fc729e34,TCGA-EL-A3N2
18622858-aa49-4b40-9413-19a3ea0917f1.rna_seq.augmented_star_gene_counts.tsv,e3806569-b487-4f9f-ae56-837ec20246b9,2dcdf9a1-9437-4515-88c1-1c17d6b6418c,TCGA-DJ-A3V9
c74c4474-5503-4f0a-a518-2ffd9bee3159.rna_seq.augmented_star_gene_counts.tsv,d0b1f7b1-c604-46a9-b2e3-fd4285e56c8c,315cbbe8-62c8-488b-92c5-e2046321efb7,TCGA-EL-A3ZQ
a9d22504-75bb-465b-bf46-18d43c6a48b2.rna_seq.augmented_star_gene_counts.tsv,c2e04130-80eb-4df2-8d7d-767512a8c196,315cbbe8-62c8-488b-92c5-e2046321efb7,TCGA-EL-A3ZQ
499fe4d7-e6cf-461f-a05c-9f2cd17fbf4e.rna_seq.augmented_star_gene_counts.tsv,e2bd971b-d929-4fc0-aec2-1ff9d9827a25,39d45532-d2f4-49f1-b1c6-880ff0ebe0ed,TCGA-EL-A3H3
fa8a5220-adec-491f-a3f6-a4ca35beb540.rna_seq.augmented_star_gene_counts.tsv,000b3ce1-5bcf-4dd5-b7e4-e4f9367a939b,331cae6e-2868-4c58-9302-709a9ff7d025,TCGA-BJ-A0Z3
36cae466-f12d-4414-8753-b08b84911fb9.rna_seq.augmented_star_gene_counts.tsv,2bc6743c-dc3d-4693-b5d2-f55381712d7f,39d90499-8549-4da5-b391-c421f18facf1,TCGA-FE-A3PD
144be06b-54da-4b42-a219-8bbe88cc7f78.rna_seq.augmented_star_gene_counts.tsv,c03f59b1-2550-4a6c-aad1-b1dec3e3ecd3,369a07a5-f835-4886-a204-d5584c67f253,TCGA-ET-A39I
b39d3f2d-a782-4ac5-926b-87a708b4fe73.rna_seq.augmented_star_gene_counts.tsv,ee665717-a903-44bc-8eaa-afb46bd4edf0,3b48cc5e-3396-4dd5-893d-54b75b98b016,TCGA-DJ-A13W
dbd59121-cebe-401f-95c5-facc183716e1.rna_seq.augmented_star_gene_counts.tsv,77212876-e70b-4697-bf83-240e2a0a4c56,3b088cb4-6fd4-45ac-a708-dffd873546dc,TCGA-BJ-A45E
755943d0-259a-4cce-8d5f-f0521db76e5c.rna_seq.augmented_star_gene_counts.tsv,8285c4a6-98cc-4277-bbb9-45d38bd3951c,3fc062bc-1b0b-4c8f-b79c-770bcaa1ec6e,TCGA-FY-A40L
1e1897eb-ea9c-48ed-8f48-47c787193f2f.rna_seq.augmented_star_gene_counts.tsv,74ce9dad-f088-4a82-9d16-3282124e9b4c,3b1e2bd6-3d32-40f7-9b32-0df32dfcbc72,TCGA-DJ-A1QI
768665a6-bdea-4cd9-88ad-ff94e012ac8a.rna_seq.augmented_star_gene_counts.tsv,0cb1e91c-9b3b-4b5b-ba85-2c0e43ca4595,46239f1e-bd85-4d7a-a313-762666599a6d,TCGA-ET-A3BU
017f7806-7804-43b9-8123-e1b48d2d6496.rna_seq.augmented_star_gene_counts.tsv,910ddc69-2ad3-4c0d-8b2d-d5d09b6bd2e6,3d8b7654-b403-4360-80dc-8273ca90c2dc,TCGA-EL-A3ZK
90328bbf-3147-4ec9-b15e-5ed65342b0e2.rna_seq.augmented_star_gene_counts.tsv,d73edb10-76fc-4bb0-83c4-ac35f73da627,0b170ed4-d919-466b-b765-47878b865aed,TCGA-DJ-A13T
99acebf2-d62b-4b71-b8d4-a4f89b1e5dc6.rna_seq.augmented_star_gene_counts.tsv,8ba98907-ab03-4c9e-a900-e31aa16ff810,0d497faf-2c1c-4173-a5fe-770cca73323c,TCGA-BJ-A18Z
bf775b9c-8789-4709-adbf-832a422fc033.rna_seq.augmented_star_gene_counts.tsv,bdf948a0-e974-40d0-b9ca-492e33943f40,0f9b78c8-ee9d-4e60-939c-bdbe040c212d,TCGA-EM-A3FK
8a504e98-58cd-40ff-9db9-4ff326af4d99.rna_seq.augmented_star_gene_counts.tsv,728e9020-e0b9-4816-ade5-c2c6554e276f,104b6629-aff4-411b-9704-547c47ada5a1,TCGA-EM-A3SZ
d7fa0748-1335-4585-a064-ba55e6d0a841.rna_seq.augmented_star_gene_counts.tsv,3169d499-4b3f-4178-ad0e-865cb6a7864d,105210cc-6fe3-4615-a582-475553e14272,TCGA-EM-A3AP
adda3736-753e-4ae2-b3f5-39827d8b5f5e.rna_seq.augmented_star_gene_counts.tsv,0f785f8d-8c49-4940-9c60-31ad29c844d5,0fe3b19a-f5e4-497e-92da-32ff6c77b066,TCGA-BJ-A0Z5
6b0b2a9b-f81c-4a28-9762-bfed2e700629.rna_seq.augmented_star_gene_counts.tsv,6366c684-e20d-4e51-916b-9ca2fbbba85f,10bdafbb-831d-48b5-b9a3-ad374fc50235,TCGA-FE-A3PA
728b71d0-98bf-4c3e-8899-20c44df52994.rna_seq.augmented_star_gene_counts.tsv,7ef09c3e-1bd5-48c9-81ae-6da842739027,12ecc0e5-8cb8-406e-ac9f-4f8c22b64fc1,TCGA-ET-A25P
af127eb8-6cd3-44d1-a194-6f85692b233e.rna_seq.augmented_star_gene_counts.tsv,a38de7c6-26c2-4a7e-90e5-79b778de8b5d,154b4e7f-06f9-4813-beab-232227229f8b,TCGA-EL-A3GY
16a2f10f-dcf7-4bff-8a19-991227d0c4d5.rna_seq.augmented_star_gene_counts.tsv,afc9533e-92be-4971-a2b3-e3ed35c6a464,13577a2b-ee68-45e5-96a8-b1fd71fc62da,TCGA-DJ-A2PU
d3ad0ddf-0880-44ce-a81c-d89ec28c2305.rna_seq.augmented_star_gene_counts.tsv,39a9dd5b-3cd1-4673-b147-4b789fc04993,16505d78-90d9-47d0-9b86-c6ef91d23aac,TCGA-CE-A3MD
54354de0-588d-4859-a894-125eeb211d17.rna_seq.augmented_star_gene_counts.tsv,87f41e4d-4b34-472f-a776-0a23a99f1c7f,169f045f-1739-4b0b-9bdc-028aaca420f8,TCGA-DO-A1JZ
8ea0ee28-0f7d-4431-bbf5-65dc5908dc09.rna_seq.augmented_star_gene_counts.tsv,290dfcee-d35e-4ab2-9925-f6839ff65fdb,169f045f-1739-4b0b-9bdc-028aaca420f8,TCGA-DO-A1JZ
8cc7b404-5ac0-49b5-9348-8661d19a2ef2.rna_seq.augmented_star_gene_counts.tsv,fb7854d1-ee9f-4cd4-b871-a124d26d712b,18a58e3e-f18e-45cf-86bc-1851abb9b3de,TCGA-ET-A3DP
c13eef68-a3da-4443-9333-8933fcc307c7.rna_seq.augmented_star_gene_counts.tsv,bf2e2e27-73f7-439a-aeb5-7dce828d8903,1757c89f-8795-4c3b-bbad-1e6f617f2472,TCGA-ET-A39J
8a9d6ebc-9e69-4bd7-9664-02d07070709d.rna_seq.augmented_star_gene_counts.tsv,c49edbbf-9eaf-4574-9941-1546d0779e70,19378727-e0a6-4898-b2d0-f12241616870,TCGA-EM-A3AO
1aa49c3e-42c2-4189-9cc0-85ac48c5a75c.rna_seq.augmented_star_gene_counts.tsv,5f1f0d7c-fc9b-43a3-9709-6682eac9ec08,188013d3-cefe-4861-b115-c34db1cf3831,TCGA-DJ-A3VI
aaa80628-2001-4036-b7be-0f9a4e631396.rna_seq.augmented_star_gene_counts.tsv,5a2ebab3-98a8-4226-987c-3009b2e0d062,1ebd5834-56b8-498a-8f34-c0031fcfd856,TCGA-DJ-A3VM
731870ad-e7fa-4bc5-8969-0d55b5efe264.rna_seq.augmented_star_gene_counts.tsv,77a2cb06-217f-4f5d-a799-d0cfdc244de1,76c4d298-6f17-4f11-a706-cd844a0e0914,TCGA-DJ-A3V6
11c868cf-37bd-4302-914c-9694fa88b537.rna_seq.augmented_star_gene_counts.tsv,3b1656d9-4c14-4b73-be31-bf71c569c52a,22eb9f00-6869-4d8f-b657-dfd64f81e9e9,TCGA-EM-A1CW
a61ada75-0759-45d0-9cb0-f08847b16a5d.rna_seq.augmented_star_gene_counts.tsv,e83e16e4-f792-46d1-840b-0deef301fbf9,2106f0cd-cb3c-4568-bdc5-197ee11f2337,TCGA-EL-A3D6
fdc930ee-1e51-4fe4-a7b3-eed76249c5c2.rna_seq.augmented_star_gene_counts.tsv,7cb4c793-df92-4168-86f3-b0a89f4ae248,22eb9f00-6869-4d8f-b657-dfd64f81e9e9,TCGA-EM-A1CW
b7283c99-e1a7-4e6d-a9cd-aa76aa5c4d79.rna_seq.augmented_star_gene_counts.tsv,a6592f20-f26d-4690-88c0-22df42a0052a,227dac7d-6bc3-4d8b-ac9c-ea4cab9a602c,TCGA-MK-A84Z
17c86e2b-8585-4a28-baa4-17c417db03a6.rna_seq.augmented_star_gene_counts.tsv,f2a5dbac-1f1f-48c0-8cb7-2b5df939c7c7,2378935d-aebd-4f6f-b31b-53bc6bd59bf9,TCGA-DE-A7U5
e723e216-969a-4361-88cc-223b270f8443.rna_seq.augmented_star_gene_counts.tsv,854c8055-70c4-404e-a0b7-1d6084430b0b,23ad7900-4e99-4abf-82ff-71edeaa8a51c,TCGA-KS-A41J
c66f5e70-5209-4177-87ad-d7907eda8ea9.rna_seq.augmented_star_gene_counts.tsv,2d965e21-bfd1-4513-a87c-83f7e570d07f,23f47401-1bab-4395-970f-4e388aab2542,TCGA-E8-A414
64ad0d0c-c83e-4321-b5ca-cd9dcb538588.rna_seq.augmented_star_gene_counts.tsv,50cf3cc2-9fc8-4b5c-a3ad-051cd27a2030,25184e51-1464-438a-80ff-cfc9a443cd36,TCGA-MK-A4N9
1894126b-fc11-4f8a-9ed5-155cc3b1a885.rna_seq.augmented_star_gene_counts.tsv,2af5af75-e9c3-4297-ad9c-4f65fdaa0c00,256976a4-41ab-445e-ae26-c594ba1fa324,TCGA-DJ-A4UP
9590c5c2-d479-442e-af26-e18f57b10743.rna_seq.augmented_star_gene_counts.tsv,4b7f688f-453c-4f80-b6a5-e7486454e550,258dccee-a3ce-4d4b-a60c-64f45ebfb7ad,TCGA-EL-A3CR
3ba553c1-bf62-42ad-bc9c-0400ebb053ff.rna_seq.augmented_star_gene_counts.tsv,a60b88ff-4c3b-4da1-b071-b16d13ded954,25d8a79e-15fd-4c8a-a7f6-05d78973b757,TCGA-H2-A2K9
6fea21ba-954d-4dfa-9d73-8e98cc946713.rna_seq.augmented_star_gene_counts.tsv,373d657b-4708-4548-9495-6e12fb099d10,25d8a79e-15fd-4c8a-a7f6-05d78973b757,TCGA-H2-A2K9
84a6b401-3f4d-4a81-877c-51fdaf7b4a88.rna_seq.augmented_star_gene_counts.tsv,ed9566e3-e8a7-4b47-b4a2-60bce3d9ba63,286c69b0-75ba-48d6-a26b-26077f101bbb,TCGA-EL-A3ZG
dfe35d63-2461-4085-b8ed-2e07272482a9.rna_seq.augmented_star_gene_counts.tsv,4b93192a-1c4e-4b25-b732-36f5484f44c3,28aef3ae-5375-4139-9b4e-5569eb394c88,TCGA-DJ-A3VA
69762ef6-0a87-4a88-94c6-1ed4519ba70e.rna_seq.augmented_star_gene_counts.tsv,72b416c6-968b-46aa-b172-664472feee85,274225cf-a0f4-4635-848b-819f479001de,TCGA-DJ-A4UQ
4ac6df8d-0b19-46b6-9ba0-b6ba84811ff6.rna_seq.augmented_star_gene_counts.tsv,46fef818-e07a-46b4-9cd4-de48ab9497ec,2c9e8686-9757-4e05-8d0e-efeaa3045d66,TCGA-CE-A481
4c3734b1-a2ed-4dd8-b21e-7d713971b444.rna_seq.augmented_star_gene_counts.tsv,811b2337-58ec-416a-9c72-7e89a05459ce,2cae34a6-73a0-4a67-8dcc-051468c41389,TCGA-ET-A40T
39f92a75-46f1-478c-9614-947a79bff4c5.rna_seq.augmented_star_gene_counts.tsv,3f428b20-16d5-4139-b8df-307165f37f8c,2ce580e9-4d75-464c-b403-c9f4626d7aa4,TCGA-DJ-A2PR
579f4358-87a2-450e-b5fa-028cb99be32d.rna_seq.augmented_star_gene_counts.tsv,26f7fe10-3c77-4b38-ac26-627e54f3b0d1,2fa2dd09-593a-4cde-97c7-61cdb8ba2bfe,TCGA-EL-A3GZ
284b2aab-f424-43d3-b160-78f2c28ecf94.rna_seq.augmented_star_gene_counts.tsv,3618662d-67b4-4796-9869-3ec651e0aec9,34b8d361-9c95-4f28-8e45-669defc5c3a7,TCGA-EM-A3O9
580db564-ef2f-48cd-ac60-13f94e9049dc.rna_seq.augmented_star_gene_counts.tsv,c61c9218-5597-42f8-ab05-a04d2f56a7f0,368689a0-f782-4826-9f08-cf0e0055162e,TCGA-DJ-A3UQ
6f3f364e-cb94-4eff-b48d-3a540abab6b2.rna_seq.augmented_star_gene_counts.tsv,5fb19476-c09c-450c-af54-8573971769b1,39e68907-3ffb-4ca1-a955-db5fa2f0deb1,TCGA-DJ-A2PT
9d235e23-75b8-416e-a200-376773964198.rna_seq.augmented_star_gene_counts.tsv,f94f2b3a-4dc6-4fd2-9945-6ddd721b5d30,398d5c2e-f877-4bbf-a10c-486b8523c9ce,TCGA-EM-A3O6
69591486-40ca-4916-b935-d79e541ada41.rna_seq.augmented_star_gene_counts.tsv,7c372899-4ca8-4f06-9d2c-058f9a859e4a,3b3c99ab-5336-4433-b682-e1a590221611,TCGA-DJ-A13X
c162a6f7-231a-46d3-94f6-d18c8f9d483a.rna_seq.augmented_star_gene_counts.tsv,67107614-9a9d-4d62-9c2e-3b8e242ac92d,3a211d5a-085f-4902-86b6-50e4eb36b897,TCGA-EM-A3O7
5885620e-b451-4014-9e2a-fff70415feb1.rna_seq.augmented_star_gene_counts.tsv,35b40466-674d-4909-aec0-0067f8f6f00c,3a7c35e0-9ed1-4098-8585-52f5991b2534,TCGA-IM-A3EB
e0db2fea-b597-4569-951f-a0563c9a5521.rna_seq.augmented_star_gene_counts.tsv,ee052957-28e2-4192-b54d-b7c877594ece,3bfa52af-cb40-45d8-9bdc-591985aae7fb,TCGA-EL-A3ZO
2df38eb8-5350-4951-9159-a8add6474efe.rna_seq.augmented_star_gene_counts.tsv,bb5be7ff-d74c-41f6-b3c7-9f79f494c024,3bfa52af-cb40-45d8-9bdc-591985aae7fb,TCGA-EL-A3ZO
